-1.522948145866394	-2.696030616760254	-0.14929789304733276	-0.48366886377334595	-2.86255145072937	2.128509521484375	2.3289008140563965	-0.052334874868392944	0.8370694518089294	-2.76330828666687	1.2184803485870361	0.058253876864910126	-0.01236052718013525	3.4544930458068848	-0.9480738639831543	-2.4663333892822266	-2.2634470462799072	1.2694488763809204	-2.6832480430603027	0.9726899266242981	-2.057652235031128	-0.04441141337156296	0.5481992363929749	-0.5527547001838684	1.106349229812622	-1.2873101234436035	-3.1842093467712402	-0.9154748916625977	-1.7274727821350098	0.14828471839427948	0.6967945098876953	-2.488340377807617
-1.407542109489441	-2.6120994091033936	-0.360842764377594	-0.4820077121257782	-2.5591886043548584	2.335414171218872	2.6147069931030273	-0.3853304982185364	1.2056244611740112	-3.0112144947052	1.1787395477294922	0.15125808119773865	0.09077609330415726	3.55487322807312	-1.0274231433868408	-2.5990989208221436	-1.9821088314056396	1.3332117795944214	-2.6820921897888184	1.1546413898468018	-1.8341113328933716	0.2696126103401184	0.9386904239654541	-0.7573845982551575	0.74400794506073	-1.3388421535491943	-2.961113214492798	-0.9093117713928223	-1.799920678138733	0.3208335041999817	0.49658089876174927	-2.1909234523773193
-1.6516854763031006	-2.472339391708374	-0.09073861688375473	-0.5515010952949524	-2.875514268875122	2.024752140045166	2.7326629161834717	-0.2593003213405609	1.1522189378738403	-2.9175686836242676	1.4566409587860107	-0.01101028174161911	0.10461543500423431	3.7868876457214355	-0.8204042911529541	-2.1435189247131348	-2.0383265018463135	0.9796375632286072	-2.5434675216674805	1.1868294477462769	-1.7215156555175781	0.4858170449733734	0.7114894390106201	-0.6756362915039062	0.92811119556427	-1.277349591255188	-3.283332347869873	-0.9047956466674805	-1.8662549257278442	0.016628611832857132	0.4803721606731415	-2.098280429840088
-1.7420421838760376	-2.2241873741149902	-0.08294563740491867	-0.4250109791755676	-3.125399589538574	1.908510446548462	2.9011354446411133	-0.11154449731111526	1.7018020153045654	-2.78078293800354	1.4957702159881592	-0.28825896978378296	0.16981279850006104	3.9594225883483887	-0.3827875852584839	-2.0455408096313477	-2.141284465789795	0.5283738970756531	-2.408247232437134	1.4127141237258911	-1.6888542175292969	0.7787883281707764	0.8175756931304932	-0.4255102574825287	0.8344243764877319	-1.2364039421081543	-2.994582176208496	-1.003067970275879	-1.6024129390716553	0.23549938201904297	0.6935299038887024	-2.1759023666381836
-1.9511308670043945	-1.883978247642517	0.06397946923971176	-0.4490417242050171	-2.9536147117614746	1.8360298871994019	2.6763505935668945	-0.09560377895832062	1.4131141901016235	-2.891116142272949	1.34132719039917	-0.308877170085907	0.07235649228096008	3.869206428527832	-0.6675366163253784	-1.7655171155929565	-2.6007463932037354	0.06266604363918304	-2.385441541671753	1.365695595741272	-1.9460952281951904	0.9635528326034546	0.7206524610519409	-0.47251346707344055	0.8176494836807251	-1.3327146768569946	-3.3763325214385986	-0.7859445214271545	-1.3670909404754639	0.13555125892162323	0.8093771934509277	-2.3656885623931885
-2.113942861557007	-1.7168197631835938	0.5239819884300232	-0.3254251182079315	-2.782271385192871	1.508732795715332	2.273372173309326	-0.450802206993103	1.235571026802063	-2.778761148452759	1.2531644105911255	-0.25550466775894165	0.19646000862121582	4.465177536010742	-0.8648673295974731	-1.6803882122039795	-2.46606183052063	-0.903997540473938	-2.430135726928711	1.2939149141311646	-1.7156177759170532	0.9681829214096069	0.7359129190444946	-0.7332203388214111	0.8474375009536743	-1.588295578956604	-3.444441556930542	-0.7338992357254028	-1.2976194620132446	0.10129530727863312	1.0353717803955078	-2.1294500827789307
-1.822754144668579	-1.8236534595489502	0.352741539478302	0.22481796145439148	-3.259997844696045	1.6026499271392822	2.7342281341552734	-0.3398852050304413	0.9341270923614502	-2.6783242225646973	1.2914493083953857	0.055204764008522034	0.15644457936286926	4.4173970222473145	-0.5840415358543396	-1.6914666891098022	-2.3148193359375	-0.45131203532218933	-2.6233317852020264	1.2788870334625244	-1.7656912803649902	0.6279565095901489	0.7042192220687866	-0.6915180683135986	0.725749135017395	-1.1215662956237793	-3.4604885578155518	-0.7594372034072876	-1.4562928676605225	0.3322846293449402	1.2661545276641846	-1.7877471446990967
-1.8041133880615234	-2.1857998371124268	0.3195283114910126	0.012559019960463047	-3.2667808532714844	1.7283766269683838	2.584367275238037	-0.0566900297999382	1.1417309045791626	-2.544363021850586	1.211904525756836	0.09550927579402924	0.15591488778591156	4.218410491943359	-0.5505027770996094	-1.5208429098129272	-2.327892780303955	0.1324036717414856	-2.568707227706909	1.2841986417770386	-1.8363415002822876	0.5782132148742676	0.5058614015579224	-0.6196961402893066	0.8215204477310181	-1.078399658203125	-3.7770590782165527	-0.6579761505126953	-1.4714032411575317	0.23278561234474182	1.0968806743621826	-1.9605201482772827
-1.2470663785934448	-2.542862892150879	0.30753976106643677	0.46971285343170166	-3.2286481857299805	1.6423965692520142	2.422384738922119	-0.45674416422843933	1.1690194606781006	-2.491485118865967	1.1598135232925415	0.46269044280052185	0.32043272256851196	4.531581878662109	-0.15354008972644806	-2.4113986492156982	-1.5576260089874268	0.10719679296016693	-2.5599961280822754	1.2646852731704712	-1.7627019882202148	-0.04676763713359833	0.64197838306427	-0.834717869758606	0.43133628368377686	-0.8515661358833313	-3.3887898921966553	-1.029824137687683	-1.4755417108535767	1.1890480518341064	1.5118366479873657	-1.6475205421447754
-0.9863588213920593	-3.187138795852661	0.34508612751960754	0.808781623840332	-3.168833017349243	1.487775444984436	2.3732259273529053	-0.4469825327396393	1.3842098712921143	-2.2035326957702637	0.9723026156425476	0.625644862651825	0.5312520861625671	4.610133647918701	0.2507711350917816	-2.618950366973877	-1.2035152912139893	0.1913887858390808	-2.5630955696105957	1.4319839477539062	-1.6126408576965332	-0.11862657964229584	0.5807250738143921	-1.076121211051941	0.3288087546825409	-0.562547504901886	-3.107548952102661	-0.9938597083091736	-1.4817099571228027	1.4707602262496948	1.4187265634536743	-1.3370351791381836
-0.8112287521362305	-2.9487123489379883	0.5802869200706482	1.138181447982788	-3.2954764366149902	1.3904534578323364	2.131564140319824	-0.6785078048706055	1.1412631273269653	-1.9355885982513428	0.9445350766181946	0.6207189559936523	0.5411876440048218	4.844593048095703	0.3645611107349396	-2.762263059616089	-1.068859577178955	-0.25679415464401245	-2.493051528930664	1.515604853630066	-1.701507329940796	-0.24523934721946716	0.38062039017677307	-0.8171164393424988	0.20124776661396027	-0.6939051151275635	-2.954343795776367	-0.9715288281440735	-1.3873916864395142	1.5862923860549927	1.890944480895996	-1.290541172027588
-1.1486656665802002	-2.575706958770752	0.6160767078399658	0.9336918592453003	-3.4508144855499268	1.582363247871399	2.5681514739990234	-0.13530388474464417	1.156813144683838	-2.2326674461364746	0.9406616687774658	0.3141154646873474	0.2781068980693817	4.62076473236084	0.28990715742111206	-2.1900715827941895	-1.7741657495498657	-0.22634583711624146	-2.6381492614746094	1.5232311487197876	-1.7332022190093994	0.3838956654071808	0.5926021337509155	-0.6116089820861816	0.48467519879341125	-0.7359259724617004	-3.209852933883667	-0.7981058359146118	-1.2884941101074219	1.0946626663208008	1.6382877826690674	-1.593355655670166
-1.4659534692764282	-2.191112518310547	0.5436797738075256	0.37646833062171936	-3.221853256225586	1.4576690196990967	2.481152296066284	-0.3478868007659912	1.5320320129394531	-2.4393646717071533	1.0138322114944458	-0.06674116849899292	0.3115442991256714	4.583688735961914	-0.11393062025308609	-1.648584008216858	-2.211556911468506	-0.7852873802185059	-2.699308395385742	1.6317520141601562	-1.7673709392547607	0.8050144910812378	0.7570984363555908	-0.6892642378807068	0.6914238929748535	-0.9888348579406738	-3.3841381072998047	-0.8211482167243958	-0.9111396074295044	0.6601054668426514	1.3691225051879883	-1.9138929843902588
-1.1432979106903076	-2.6327991485595703	0.5189292430877686	0.5649105310440063	-3.43975830078125	1.4732551574707031	2.5971782207489014	-0.5057502388954163	1.2149407863616943	-2.5707778930664062	1.1161823272705078	0.1909106820821762	0.35928085446357727	4.394922733306885	0.2630637586116791	-2.0870139598846436	-1.9112586975097656	-0.30594879388809204	-2.6966116428375244	1.5555875301361084	-1.766526460647583	0.6074069142341614	0.6170370578765869	-0.6501046419143677	0.5302945971488953	-0.7077763080596924	-3.1556460857391357	-1.1040793657302856	-1.3220478296279907	0.8721128106117249	1.3320798873901367	-1.7203679084777832
-0.8723272085189819	-2.853727102279663	0.547404408454895	0.7825455069541931	-3.4292075634002686	1.4304265975952148	2.4900100231170654	-0.6032001376152039	1.1982251405715942	-2.3509178161621094	1.1253283023834229	0.2926284372806549	0.4487832188606262	4.432602882385254	0.5713735222816467	-2.5753583908081055	-1.4824676513671875	-0.28994643688201904	-2.5621187686920166	1.5394116640090942	-1.8882784843444824	0.26738297939300537	0.49478965997695923	-0.6005861163139343	0.23302839696407318	-0.5974119305610657	-2.897411346435547	-1.1909236907958984	-1.2500756978988647	1.4210761785507202	1.599428653717041	-1.6933305263519287
-0.6852561831474304	-2.904609441757202	0.5853852033615112	0.8490587472915649	-3.37233567237854	1.4116251468658447	2.4500885009765625	-0.6289860606193542	1.2459077835083008	-2.2246651649475098	1.0782082080841064	0.41252997517585754	0.38980937004089355	4.601961135864258	0.5595525503158569	-2.696988344192505	-1.3165301084518433	-0.15177486836910248	-2.5454604625701904	1.6195623874664307	-1.7582435607910156	0.08284880965948105	0.5150068998336792	-0.5601412653923035	0.21908864378929138	-0.6547916531562805	-2.822844982147217	-1.1616052389144897	-1.2942938804626465	1.4908933639526367	1.6777223348617554	-1.5722829103469849
-0.7418906688690186	-3.236964702606201	0.44538629055023193	0.8506507873535156	-3.1816248893737793	1.3962395191192627	2.238553047180176	-0.7386103868484497	1.5275591611862183	-2.2117109298706055	0.8769513368606567	0.4108603298664093	0.49321258068084717	4.551513671875	0.525728702545166	-2.86796236038208	-1.1597557067871094	0.021593568846583366	-2.62467622756958	1.6899011135101318	-1.6952897310256958	-0.047051962465047836	0.5351658463478088	-0.7977712154388428	0.006933933589607477	-0.6658380031585693	-2.7004823684692383	-1.102177381515503	-1.3108265399932861	1.6750811338424683	1.5271185636520386	-1.4492822885513306
-0.551426351070404	-3.637521743774414	0.3119005560874939	1.1336027383804321	-2.905879020690918	1.52892005443573	2.2689085006713867	-0.8534077405929565	1.5721170902252197	-1.9618613719940186	0.7725406885147095	0.4172986149787903	0.6535593271255493	4.490248680114746	0.654796302318573	-2.9368181228637695	-1.0169720649719238	0.3302440643310547	-2.568373203277588	1.814180612564087	-1.7987611293792725	-0.11838012933731079	0.40701860189437866	-1.1007977724075317	-0.09050315618515015	-0.7075493931770325	-2.5845260620117188	-0.8401974439620972	-1.5290104150772095	1.6145522594451904	1.3468809127807617	-1.1739630699157715
-0.3616285026073456	-3.7676095962524414	0.3580394685268402	1.2256072759628296	-2.8902506828308105	1.4838435649871826	2.3988020420074463	-0.8493295311927795	1.7648658752441406	-1.7579950094223022	0.7064108848571777	0.46453747153282166	0.5599644780158997	4.4919328689575195	0.7828342914581299	-2.9940783977508545	-0.8854882717132568	0.3557446599006653	-2.4310226440429688	1.8910695314407349	-1.6166263818740845	-0.17345286905765533	0.46075308322906494	-0.9301703572273254	-0.24520432949066162	-0.6922892332077026	-2.4188597202301025	-0.8440414667129517	-1.4519404172897339	1.7931872606277466	1.4685624837875366	-1.1505930423736572
-0.2820064127445221	-3.254847526550293	0.48611220717430115	1.3877909183502197	-3.2085647583007812	1.5462663173675537	2.5391461849212646	-0.5687879920005798	1.7791755199432373	-1.81098210811615	0.7909978032112122	0.5299752354621887	0.4334509074687958	4.570661544799805	1.2308634519577026	-2.985811233520508	-0.6331062316894531	0.11433865875005722	-2.577129602432251	1.8296260833740234	-1.318422555923462	-0.09363200515508652	0.6910924911499023	-0.5775154232978821	-0.15396438539028168	-0.4135778248310089	-2.0451693534851074	-1.2411025762557983	-1.348715901374817	1.9634268283843994	1.7002270221710205	-1.1845455169677734
-0.9721147418022156	-2.714766502380371	0.40408849716186523	0.9502900838851929	-3.187222480773926	1.6208508014678955	2.501765251159668	0.08482345938682556	2.1508290767669678	-2.0071215629577637	0.9731792211532593	0.040568359196186066	0.291806161403656	4.7327561378479	1.0413355827331543	-2.528106212615967	-1.1493719816207886	-0.30108827352523804	-2.5796303749084473	1.8912420272827148	-1.4084893465042114	0.5106062889099121	1.2820245027542114	-0.6006558537483215	0.4093452990055084	-0.6927120685577393	-2.351898431777954	-1.2136958837509155	-0.9627724885940552	1.6346948146820068	1.5194917917251587	-1.5975334644317627
-0.8094349503517151	-2.9810287952423096	0.44844430685043335	0.8870300650596619	-3.3537588119506836	1.5419659614562988	2.852379083633423	-0.35197678208351135	1.590606689453125	-2.3703787326812744	1.1873494386672974	0.2925080358982086	0.41853630542755127	4.328102111816406	0.9331136345863342	-2.57077693939209	-1.3466744422912598	0.050629206001758575	-2.628084421157837	1.6201858520507812	-1.6505322456359863	0.48692119121551514	0.8218072652816772	-0.6592777371406555	0.2989790439605713	-0.45758989453315735	-2.6552863121032715	-1.2669442892074585	-1.3156421184539795	1.259486198425293	1.339207410812378	-1.4384946823120117
-0.553360641002655	-3.127451181411743	0.5267400741577148	1.057340145111084	-3.281109094619751	1.4905494451522827	2.630202293395996	-0.8219987750053406	1.3939075469970703	-2.10495662689209	1.1551774740219116	0.5471351146697998	0.5178187489509583	4.525652885437012	0.7778159379959106	-2.9089317321777344	-0.9232991933822632	-0.11500339210033417	-2.5351345539093018	1.5987200736999512	-1.6469299793243408	0.007757640443742275	0.5018633008003235	-0.6962271928787231	-0.07176875323057175	-0.6032028198242188	-2.5052242279052734	-1.1673643589019775	-1.4428256750106812	1.6139624118804932	1.6122207641601562	-1.2332311868667603
-0.5605775713920593	-3.582005739212036	0.06295742094516754	1.1920491456985474	-2.767268419265747	1.7489300966262817	2.3448290824890137	-0.9870964884757996	1.4760379791259766	-1.9802272319793701	0.7313027381896973	0.4187435507774353	0.7053386569023132	4.424389839172363	0.2878164052963257	-2.891598701477051	-1.128540277481079	0.29951608180999756	-2.4764370918273926	1.6983556747436523	-1.8707993030548096	-0.0406920500099659	0.4886203408241272	-1.2015533447265625	-0.2933397591114044	-0.8703789710998535	-2.7282216548919678	-0.7947258949279785	-1.5655659437179565	1.754329800605774	1.3049838542938232	-1.0951515436172485
-0.42380377650260925	-3.98909854888916	0.009160096757113934	1.313448429107666	-2.5797243118286133	1.6167693138122559	1.8406225442886353	-1.638081669807434	1.8259297609329224	-1.4559645652770996	0.21404029428958893	0.3885289430618286	1.0202230215072632	4.455357074737549	0.32297199964523315	-2.8511223793029785	-1.1849455833435059	0.28922173380851746	-1.9148247241973877	2.164320945739746	-1.7991613149642944	-0.16347350180149078	0.060464512556791306	-1.488831639289856	-0.4968184530735016	-0.6821007132530212	-2.6052117347717285	-0.3097374439239502	-1.6951228380203247	1.7765687704086304	1.3869224786758423	-1.093764066696167
-0.48918062448501587	-3.765392780303955	-0.5128712058067322	1.4349700212478638	-2.353337049484253	1.8536961078643799	1.5250277519226074	-1.882214069366455	2.1585092544555664	-1.1273431777954102	-0.40281209349632263	0.1370011866092682	1.1028553247451782	4.468387603759766	-0.13706685602664948	-2.612018346786499	-1.8582041263580322	0.65289705991745	-1.6449671983718872	2.711336851119995	-1.6679579019546509	-0.2260744273662567	-0.17210350930690765	-1.1030220985412598	-0.3898283839225769	-0.836012601852417	-2.499051570892334	0.3997984826564789	-1.9087480306625366	1.5057601928710938	1.3522751331329346	-1.12740159034729
-0.1017799898982048	-3.8482511043548584	-0.23613744974136353	1.7710528373718262	-2.900911808013916	1.8765170574188232	2.4894652366638184	-1.4502434730529785	1.6832201480865479	-1.397398829460144	0.04333081096410751	0.2068474292755127	0.6500845551490784	4.082829475402832	0.6171043515205383	-2.9015493392944336	-1.5057268142700195	0.8527184724807739	-2.155749559402466	2.3904383182525635	-1.5967013835906982	-0.2342745065689087	-0.1344575732946396	-0.7040501236915588	-0.5284347534179688	-0.5996126532554626	-2.1617636680603027	-0.22415876388549805	-1.8975036144256592	1.6797326803207397	1.3023494482040405	-1.036419153213501
0.19629785418510437	-3.6413538455963135	0.02396814152598381	1.9629703760147095	-3.1818766593933105	1.8256151676177979	2.8949990272521973	-0.9220874309539795	1.889669418334961	-1.2162809371948242	0.38274523615837097	0.40320900082588196	0.4377886652946472	4.125484466552734	1.3663829565048218	-2.8943443298339844	-1.023431420326233	0.6994343400001526	-2.4004666805267334	2.1092004776000977	-1.3314129114151	-0.2129298746585846	0.3956623673439026	-0.3935248851776123	-0.3163592219352722	-0.37513941526412964	-1.6944717168807983	-0.9532865881919861	-1.6654152870178223	1.8681082725524902	1.3774276971817017	-1.1341991424560547
0.28264176845550537	-3.9585115909576416	0.3159390687942505	1.6622700691223145	-3.022930383682251	1.6654388904571533	2.7350785732269287	-0.4910237789154053	1.9554853439331055	-1.3855642080307007	0.5592445731163025	0.329647421836853	0.4505465030670166	4.226741790771484	1.550445795059204	-2.8469202518463135	-0.8878527879714966	0.6396842002868652	-2.493525743484497	2.0092711448669434	-1.3085867166519165	-0.13588090240955353	0.6344833970069885	-0.46282026171684265	-0.10645222663879395	-0.34842371940612793	-1.7950878143310547	-1.0744982957839966	-1.3484630584716797	1.9439374208450317	1.3191196918487549	-1.1681545972824097
-0.09712100028991699	-3.5884644985198975	0.4498860239982605	1.3114969730377197	-3.2172718048095703	1.5495927333831787	2.773226737976074	-0.8059345483779907	1.409383773803711	-1.7441481351852417	0.9000536203384399	0.6458261609077454	0.6674330830574036	4.383917331695557	0.9613906145095825	-2.6355199813842773	-1.1319698095321655	0.28855380415916443	-2.4981918334960938	1.8292243480682373	-1.8346537351608276	0.09952971339225769	0.15449927747249603	-0.7188460826873779	0.00294974516145885	-0.4585721492767334	-2.531926393508911	-0.9672598838806152	-1.4345765113830566	1.6120595932006836	1.399066686630249	-1.126866102218628
0.11008790880441666	-3.542651653289795	0.11085173487663269	1.7339565753936768	-3.304168939590454	1.845073938369751	2.8504183292388916	-0.5746535658836365	1.2858963012695312	-1.3488632440567017	0.5196046233177185	0.8062300682067871	0.6885362267494202	4.201073169708252	0.956710934638977	-2.4125523567199707	-1.6063772439956665	0.6778489351272583	-2.466600179672241	1.992461919784546	-1.8560805320739746	0.021935876458883286	0.13158917427062988	-0.4324968159198761	-0.02643962949514389	-0.31827712059020996	-2.338141918182373	-0.8904811143875122	-1.577134132385254	1.8028595447540283	1.4940601587295532	-1.146442174911499
0.49180570244789124	-2.7693185806274414	-0.1602788120508194	2.016824245452881	-3.3927865028381348	2.2676737308502197	3.3013572692871094	-0.1418927013874054	1.1767209768295288	-0.885769784450531	0.2795793414115906	0.9553504586219788	0.2683028280735016	3.8133115768432617	1.237914800643921	-1.9726885557174683	-2.1199703216552734	1.8266850709915161	-2.3719401359558105	2.2795023918151855	-1.55122971534729	-0.23346492648124695	-0.15829434990882874	0.34819453954696655	0.08289822190999985	-0.2412109076976776	-1.9813085794448853	-0.7251041531562805	-2.025857448577881	1.7679359912872314	1.4658291339874268	-1.439009666442871
0.9004047513008118	-2.0782718658447266	-0.5064849853515625	2.415661096572876	-3.432297468185425	2.821894884109497	3.575533628463745	0.04264392703771591	1.4376921653747559	-0.1477276086807251	-0.12717942893505096	0.9706106185913086	0.23747125267982483	3.6207892894744873	1.3084064722061157	-1.3876992464065552	-2.3067476749420166	2.031477451324463	-2.3168962001800537	2.2475204467773438	-1.0574383735656738	0.23366309702396393	0.023439668118953705	0.7335035800933838	-0.040370240807533264	-0.3400964140892029	-1.5563383102416992	-1.177022933959961	-2.128709316253662	1.793867588043213	1.225765347480774	-1.281200885772705
1.329066514968872	-1.6974883079528809	-0.6240130662918091	2.5580906867980957	-3.2189323902130127	2.9193568229675293	2.3364760875701904	0.296325147151947	2.4925711154937744	0.29206255078315735	-0.9449236989021301	0.9643559455871582	0.3353889584541321	3.7619004249572754	1.7683601379394531	-0.9342132806777954	-2.145109176635742	1.670025110244751	-2.4268300533294678	2.518526077270508	-0.7948368787765503	-0.01342945359647274	-0.15062573552131653	0.8758658766746521	0.32931530475616455	-0.2802782356739044	-1.2044448852539062	-1.4386056661605835	-1.6328904628753662	2.1805291175842285	1.5457632541656494	-1.7435779571533203
1.2903468608856201	-1.1879993677139282	-0.7133699655532837	2.414576530456543	-3.0601730346679688	3.160248041152954	1.8173110485076904	0.22205038368701935	2.8287806510925293	0.6745388507843018	-1.0512819290161133	1.46687650680542	0.5274292230606079	3.8781161308288574	1.3012254238128662	-0.7096984386444092	-2.1032631397247314	1.9712982177734375	-2.050746440887451	2.3982832431793213	-0.6344577670097351	0.16838006675243378	-0.3238898813724518	0.8907427787780762	0.27706000208854675	-0.36380547285079956	-1.1392579078674316	-1.7115492820739746	-2.008619546890259	2.2264435291290283	1.5737940073013306	-1.7750897407531738
0.8811503648757935	-1.3524549007415771	-1.2301597595214844	2.3898019790649414	-3.0463101863861084	3.4416794776916504	1.6182560920715332	-0.0282627884298563	2.829880714416504	0.637214183807373	-1.233384370803833	1.389662265777588	0.6497704982757568	3.8384315967559814	0.3751582205295563	-0.8486774563789368	-2.3395135402679443	2.0530459880828857	-1.8978290557861328	2.4747231006622314	-0.45337343215942383	0.6314889192581177	-0.1872272789478302	1.053950548171997	0.3226979374885559	-0.6672930121421814	-1.1522084474563599	-1.4588243961334229	-2.381828784942627	2.0547618865966797	1.192942500114441	-1.433135747909546
0.6531436443328857	-1.3833259344100952	-1.7657476663589478	2.503668785095215	-3.044469118118286	3.6498470306396484	1.4614521265029907	0.029072653502225876	2.306107521057129	0.32217708230018616	-1.6543102264404297	1.3933393955230713	0.7082694172859192	3.3001270294189453	-0.19029739499092102	-1.232959508895874	-2.5436065196990967	2.6664323806762695	-2.0239639282226562	2.3229880332946777	-0.26431506872177124	0.5278931856155396	0.1364469826221466	0.9870001673698425	0.19962801039218903	-0.5384594202041626	-1.0092278718948364	-1.2076677083969116	-2.614715576171875	1.9965488910675049	0.9230952262878418	-1.265740990638733
0.7630211114883423	-1.2490746974945068	-2.109283924102783	2.8380961418151855	-3.0753862857818604	3.534231424331665	1.378671407699585	0.1718515306711197	2.2138843536376953	0.007542746607214212	-2.2220637798309326	1.0765626430511475	0.670059859752655	2.7621307373046875	-0.2522115111351013	-1.3981515169143677	-2.912642478942871	2.489201068878174	-2.0673043727874756	2.3561158180236816	-0.2137700915336609	0.2559160590171814	0.49265268445014954	1.1002088785171509	0.2783232629299164	-0.2533469498157501	-0.5926196575164795	-1.0729947090148926	-2.210801601409912	2.24387264251709	0.8533170223236084	-1.4198918342590332
0.7559851408004761	-1.048309326171875	-2.141833782196045	2.810046434402466	-2.864636182785034	3.7365996837615967	1.331404447555542	0.4635244607925415	1.809584379196167	-0.013316557742655277	-2.5648903846740723	0.933218240737915	0.4399336874485016	2.271294355392456	-0.5969499945640564	-1.038567304611206	-3.2371740341186523	2.977163791656494	-1.9393396377563477	2.294851779937744	-0.17142294347286224	0.024444114416837692	0.579714834690094	0.9855696558952332	0.122322216629982	-0.41804009675979614	-0.7584058046340942	-0.6866738796234131	-2.1982455253601074	2.4394335746765137	0.7775183916091919	-1.3589030504226685
0.23172518610954285	-1.0901830196380615	-2.160714864730835	2.3635430335998535	-2.8629517555236816	3.774588108062744	0.5547708868980408	0.9333779811859131	1.698914885520935	-0.3552907407283783	-3.0713441371917725	0.6587939262390137	0.1602245271205902	2.205498695373535	-0.8936172723770142	-0.4257029592990875	-3.2137646675109863	3.2158656120300293	-2.16117262840271	1.8184648752212524	0.00469166086986661	-0.5629040002822876	0.7134649753570557	0.0877201184630394	0.20506970584392548	-0.21022020280361176	-1.3846970796585083	-0.4776647686958313	-2.3921878337860107	2.439840316772461	0.7425891757011414	-1.480082392692566
-0.06035245954990387	-1.0409774780273438	-1.824333667755127	1.7632049322128296	-2.7837955951690674	3.782315492630005	0.23385010659694672	1.59116792678833	2.394453287124634	-0.386462926864624	-2.6548144817352295	0.7899045944213867	-0.03231212869286537	2.9122307300567627	-0.7417696714401245	-0.502672553062439	-2.6896371841430664	3.3124656677246094	-2.090790033340454	1.5244810581207275	0.4893614649772644	-0.8932397365570068	0.7618241906166077	-0.3630366921424866	0.3371453881263733	-0.37964490056037903	-1.577430009841919	-0.6679627895355225	-2.6389427185058594	2.39387583732605	0.6785933971405029	-1.4124274253845215
0.14242957532405853	-1.0414795875549316	-1.3315191268920898	1.6782097816467285	-2.6329689025878906	3.8248231410980225	-0.12088450789451599	1.5255327224731445	2.3825886249542236	-0.6049726009368896	-2.0639607906341553	1.4091663360595703	0.35759788751602173	3.3163211345672607	-0.23812034726142883	-0.8780765533447266	-2.7753376960754395	3.388972759246826	-1.958575963973999	1.1323193311691284	0.3583301901817322	-0.687433123588562	0.5560783743858337	-0.25053542852401733	0.4583677351474762	-0.3390193581581116	-1.7211380004882812	-1.4030886888504028	-3.0491371154785156	1.9719762802124023	0.7159814238548279	-1.3880646228790283
-0.13212166726589203	-0.37030333280563354	-0.7018167972564697	1.831701397895813	-2.693802833557129	3.916883707046509	0.5794200301170349	1.9038528203964233	1.976711630821228	-0.7142361998558044	-1.5982800722122192	1.6001298427581787	0.314253568649292	3.071594476699829	0.5087919235229492	-0.608326256275177	-3.0871472358703613	3.6775240898132324	-1.9682111740112305	1.0621551275253296	0.12122900784015656	-0.3009060323238373	0.31406134366989136	-0.2007051557302475	0.35035964846611023	-0.3309728503227234	-1.6576662063598633	-1.5418440103530884	-2.9559590816497803	1.8329803943634033	0.7860816121101379	-1.8358337879180908
-0.7525542974472046	0.1451636701822281	-0.7986611723899841	1.9581902027130127	-2.58343243598938	4.0392069816589355	0.7323246002197266	2.1150646209716797	1.768047571182251	-0.6471127271652222	-1.7977960109710693	1.3042951822280884	0.2635677456855774	2.4907586574554443	0.4462195932865143	-0.15592171251773834	-3.43251371383667	3.9487502574920654	-1.7381160259246826	1.0195870399475098	-0.002810788806527853	-0.4272335469722748	0.018674645572900772	-0.23363599181175232	0.32867881655693054	-0.24991470575332642	-1.4918208122253418	-1.4045073986053467	-2.949897050857544	1.853285551071167	0.46349161863327026	-1.8903477191925049
-1.041849136352539	0.5214166641235352	-1.0435357093811035	1.899440050125122	-2.5980124473571777	3.9059619903564453	0.8120229840278625	2.4406585693359375	2.108250617980957	-0.34916800260543823	-2.175787925720215	0.4678694009780884	-0.05360223352909088	2.3288068771362305	0.1084003895521164	0.5303999185562134	-3.406341314315796	3.940188407897949	-1.6470727920532227	1.2843526601791382	0.011196873150765896	-0.7255231738090515	0.3729656934738159	0.11962147057056427	0.6417280435562134	-0.08251835405826569	-1.3864762783050537	-1.172765851020813	-2.3294849395751953	2.079580783843994	0.3157016336917877	-2.0849051475524902
-0.6800516843795776	0.5288228988647461	-1.7490174770355225	2.2644572257995605	-2.3264172077178955	4.043569087982178	0.4869158864021301	2.0883219242095947	1.425871729850769	-0.18689125776290894	-2.753986120223999	0.284422367811203	-0.2273423969745636	1.3008726835250854	-0.4671556353569031	0.48474374413490295	-3.428952217102051	4.186784744262695	-1.6617399454116821	0.9914865493774414	-0.3760301470756531	-1.3259910345077515	0.150165393948555	0.4028741121292114	0.27772462368011475	-0.09967603534460068	-1.2341017723083496	-1.1912161111831665	-2.1704294681549072	2.5970802307128906	0.30687159299850464	-1.7564226388931274
-1.8979156017303467	0.5376970767974854	-2.3735153675079346	2.27294659614563	-2.834440231323242	3.526754856109619	0.8038851618766785	2.540177822113037	2.0086991786956787	0.0612727627158165	-2.724069595336914	-0.6554123163223267	-0.2412390112876892	1.0275160074234009	-0.9086930155754089	-0.0030764108523726463	-3.5901432037353516	3.497781753540039	-1.3711490631103516	1.588057518005371	-0.05872402340173721	-0.7613518834114075	0.716492772102356	0.4805803596973419	0.36750736832618713	-0.20359189808368683	-0.7251907587051392	-0.10182798653841019	-1.7824103832244873	2.740717887878418	-0.054413363337516785	-1.2854650020599365
-1.5422003269195557	0.3884076774120331	-2.641824245452881	2.294107675552368	-3.4455432891845703	3.4365649223327637	1.0258663892745972	1.9374780654907227	1.8490607738494873	-0.2068033218383789	-2.808469772338867	-0.53993159532547	-0.11253983527421951	0.6953164935112	-1.173141360282898	-0.2949405312538147	-3.8687052726745605	2.926509141921997	-1.4431569576263428	1.734798550605774	-0.46608245372772217	-0.2696201503276825	0.7046734094619751	0.4425913095474243	0.4781479239463806	-0.025722358375787735	-0.865939199924469	-0.0717703178524971	-1.5882716178894043	2.713562488555908	0.05326652526855469	-1.6313577890396118
-1.2828309535980225	0.7254728078842163	-2.492400884628296	2.3879871368408203	-3.2083311080932617	3.5869503021240234	0.0902378112077713	2.297720193862915	1.3249716758728027	-0.09945327043533325	-2.777440071105957	-0.278934121131897	-0.5136333107948303	0.5140275359153748	-1.0212924480438232	-0.6649433374404907	-3.3169946670532227	3.3203461170196533	-1.6512852907180786	1.097467064857483	-0.5345873236656189	-1.4093328714370728	0.2984609007835388	0.08893348276615143	0.39893490076065063	-0.25549954175949097	-0.8405125737190247	-0.36493316292762756	-1.621077060699463	3.340956926345825	0.381405234336853	-1.6027642488479614
-0.9217525720596313	0.7793493270874023	-2.708752393722534	2.5807533264160156	-2.811479091644287	3.71657657623291	-0.14670947194099426	1.6630024909973145	1.0503889322280884	-0.14561882615089417	-3.079033136367798	-0.06232285499572754	-0.503387987613678	0.18628183007240295	-1.365491271018982	-0.6010159254074097	-3.477882146835327	3.258596897125244	-1.5192694664001465	1.029388189315796	-0.8877089619636536	-1.5763189792633057	0.08173491805791855	0.2726592421531677	0.19060350954532623	-0.185865581035614	-1.0363078117370605	-0.4592493176460266	-1.6783289909362793	3.189535617828369	0.26916536688804626	-1.7505216598510742
1.418381690979004	-0.6120892763137817	0.5477508306503296	0.8868399858474731	-2.045987129211426	3.329882860183716	0.582440972328186	-0.6880449652671814	1.3129938840866089	-1.1125820875167847	-0.25636914372444153	0.4674146771430969	-0.5372674465179443	3.3037662506103516	-1.2920206785202026	-2.2646994590759277	-3.833007335662842	0.647219717502594	-0.4589402973651886	1.4328668117523193	-3.6848816871643066	0.8872553110122681	-1.7113051414489746	0.9340851306915283	0.18085606396198273	-1.942675232887268	-1.1068226099014282	-1.5700898170471191	-1.6868748664855957	1.053442358970642	1.4582626819610596	-3.1737220287323
0.9994320869445801	-0.39151620864868164	0.4923346936702728	0.745345950126648	-2.3805108070373535	3.1107702255249023	0.9437453150749207	-0.30453866720199585	1.7119224071502686	-1.3878817558288574	-0.1765129715204239	0.3642815053462982	-0.7441655397415161	3.1650915145874023	-0.7235891819000244	-2.1982691287994385	-3.893054485321045	0.6572914123535156	-0.2386987954378128	1.6569923162460327	-3.4636597633361816	1.0025122165679932	-1.1248643398284912	1.3407807350158691	0.22632227838039398	-1.5219402313232422	-0.800146758556366	-2.1254525184631348	-1.475999355316162	1.322789192199707	1.3904427289962769	-3.59611177444458
1.1939741373062134	-0.6906997561454773	0.2430560439825058	0.8685952425003052	-2.0925540924072266	3.4380288124084473	0.9193912148475647	-0.41359615325927734	1.863012433052063	-1.3991279602050781	-0.1595238745212555	0.3748033046722412	-0.7041302919387817	3.404123306274414	-0.701213538646698	-2.436314582824707	-3.7243518829345703	1.3174867630004883	-0.38612377643585205	1.4674980640411377	-3.2111451625823975	0.8076593279838562	-1.2496675252914429	1.0060490369796753	0.3199767768383026	-1.7110350131988525	-1.027510166168213	-2.037010669708252	-1.8522286415100098	0.9666715860366821	1.1482410430908203	-3.255383014678955
0.7815108299255371	-0.34792888164520264	0.039699651300907135	0.9065670967102051	-1.9887150526046753	3.684769630432129	0.9234836101531982	-0.521773099899292	2.2117457389831543	-1.627255916595459	-0.2669523358345032	0.43231141567230225	-0.783618688583374	3.185699224472046	-0.14730112254619598	-2.386444568634033	-3.5119149684906006	1.8417125940322876	-0.07063305377960205	1.5449272394180298	-3.1453771591186523	0.714961051940918	-1.089496374130249	0.14622439444065094	0.184305340051651	-1.5307350158691406	-0.9989237189292908	-1.9420074224472046	-2.2312278747558594	0.6490314602851868	0.663030743598938	-3.5768542289733887
0.8635399341583252	-0.22437313199043274	0.4237014353275299	0.9766948819160461	-2.391664981842041	3.381930351257324	0.9819427132606506	-0.44204241037368774	2.0897536277770996	-1.590813398361206	-0.08017806708812714	0.5412843227386475	-0.8548702001571655	3.292327404022217	0.14664719998836517	-2.554091453552246	-3.387758255004883	1.5016580820083618	-0.12156975269317627	1.6217830181121826	-2.9532337188720703	0.8611468076705933	-1.090459942817688	0.48915356397628784	0.06842703372240067	-1.4119765758514404	-0.8508647680282593	-2.0698788166046143	-2.3041067123413086	0.943185567855835	0.9903436899185181	-3.6037042140960693
0.612464189529419	-0.43352049589157104	0.5155556201934814	1.0371639728546143	-2.50305438041687	3.1156301498413086	1.0469977855682373	-0.4479450285434723	2.2689268589019775	-1.8293931484222412	0.06484163552522659	0.35235726833343506	-0.6727156639099121	3.468041181564331	0.15501312911510468	-2.7703394889831543	-3.4170260429382324	1.3483322858810425	-0.0809151828289032	1.88626229763031	-2.6416432857513428	0.8891558051109314	-0.924494206905365	0.5541479587554932	0.024206947535276413	-1.5008299350738525	-0.729953944683075	-1.9064509868621826	-2.371844530105591	1.018296718597412	0.8972037434577942	-3.4852771759033203
0.09103488177061081	-0.40640002489089966	0.4321078062057495	0.6367024183273315	-2.3676066398620605	2.673598289489746	1.0064659118652344	-0.3142254948616028	2.515075445175171	-2.402953863143921	-0.014236587099730968	0.21169380843639374	-0.6535640954971313	3.5126070976257324	0.5770214796066284	-2.6152589321136475	-3.5650551319122314	1.3402950763702393	-0.3593103885650635	2.0809707641601562	-2.4104554653167725	0.4931524991989136	-0.4379693865776062	0.611190140247345	0.008272906765341759	-1.1196577548980713	-1.2409236431121826	-2.124851942062378	-2.2400636672973633	1.546319603919983	1.1603354215621948	-3.411421298980713
0.061755821108818054	-0.4221332371234894	0.37175488471984863	0.5126829147338867	-2.5821924209594727	2.604173421859741	1.0663424730300903	-0.2399124950170517	2.558887243270874	-2.5558221340179443	-0.03504147380590439	0.15720023214817047	-0.6703908443450928	3.5360374450683594	0.586990237236023	-2.3577229976654053	-3.5115396976470947	1.089198350906372	-0.5632365942001343	2.0503923892974854	-2.394946575164795	0.463733434677124	-0.3998764753341675	0.681365430355072	0.08354681730270386	-1.1023237705230713	-1.3139309883117676	-2.004075765609741	-2.080387592315674	1.7113206386566162	1.1942695379257202	-3.5424652099609375
0.11840466409921646	-0.3084205985069275	0.024013347923755646	0.6991887092590332	-2.9267737865448	2.7622745037078857	1.079856038093567	-0.3389965891838074	2.2639684677124023	-2.472505807876587	-0.22443485260009766	-0.04230207949876785	-0.6234229207038879	2.673525810241699	0.6939245462417603	-2.022854804992676	-3.819227457046509	1.4516204595565796	-0.6947685480117798	2.1521153450012207	-2.649440288543701	0.41467058658599854	-0.5020768642425537	0.6420605182647705	0.07974909245967865	-0.6747084856033325	-1.4981980323791504	-2.0444793701171875	-2.091048002243042	1.5183353424072266	1.1718236207962036	-3.7312850952148438
-0.3469852805137634	-0.44468310475349426	-0.07818672060966492	0.5977789163589478	-2.883220911026001	2.424131393432617	1.0297770500183105	-0.7884705662727356	2.5957789421081543	-2.3667430877685547	-0.31627655029296875	0.3920547366142273	-0.41554585099220276	3.2626149654388428	0.13409273326396942	-2.0500144958496094	-3.7372210025787354	1.044137716293335	-0.8111566305160522	2.2120120525360107	-2.559387445449829	0.421598881483078	-0.5037544965744019	0.48161864280700684	0.31983762979507446	-0.742451012134552	-1.9224570989608765	-1.974238634109497	-2.2396764755249023	1.2630228996276855	1.2914350032806396	-3.386389970779419
-0.008287450298666954	-0.38267847895622253	0.11046251654624939	0.8905006647109985	-2.904212713241577	2.8263916969299316	1.0679490566253662	-0.2653219699859619	2.1357197761535645	-2.4849891662597656	-0.3712657392024994	0.1400824934244156	-0.6400644779205322	2.586751937866211	0.8835193514823914	-2.1386330127716064	-3.8654544353485107	1.4877301454544067	-0.6936553120613098	1.9585871696472168	-2.7520289421081543	0.28170686960220337	-0.284158319234848	0.6746402382850647	0.08871521800756454	-0.5392931699752808	-1.3799152374267578	-2.202582836151123	-2.0529894828796387	1.547358751296997	1.2911211252212524	-3.615750312805176
-0.3375623822212219	-0.2997956871986389	-0.005888089071959257	0.7312113046646118	-2.5954933166503906	2.6339235305786133	0.7684873938560486	-0.08097394555807114	2.752485513687134	-2.5799057483673096	-0.5157493948936462	0.14205479621887207	-0.6516030430793762	3.051299571990967	0.8132182955741882	-2.3783600330352783	-3.7351105213165283	1.3344178199768066	-0.5588592290878296	2.1102724075317383	-2.397461175918579	0.15899714827537537	-0.20777016878128052	0.5466326475143433	0.17585082352161407	-0.7742010951042175	-1.2943687438964844	-2.2149763107299805	-1.930409550666809	1.857435703277588	1.172224521636963	-3.470470905303955
-0.5252221822738647	0.3026890754699707	0.31229180097579956	1.232242465019226	-2.778521776199341	2.7337846755981445	0.9531872868537903	-0.019332444295287132	2.458613872528076	-2.3287465572357178	-0.24833394587039948	0.603458046913147	-0.6587255001068115	3.2528445720672607	1.2176905870437622	-2.2348954677581787	-3.555980920791626	1.451584815979004	-0.7312297224998474	1.8809269666671753	-2.1502227783203125	-0.1316760778427124	0.09749162942171097	-0.04700276255607605	0.1645684540271759	-0.7041889429092407	-1.0676116943359375	-2.5498759746551514	-2.2843403816223145	1.4243135452270508	1.4134656190872192	-3.411914825439453
-0.46671009063720703	-0.04443825036287308	0.10881903767585754	1.0613644123077393	-2.7302968502044678	2.6163201332092285	0.5456388592720032	-0.11354785412549973	2.6676011085510254	-2.7232275009155273	-0.47882649302482605	0.20948004722595215	-0.7768360376358032	3.1801609992980957	1.3740382194519043	-2.4187917709350586	-3.439833164215088	1.3879649639129639	-0.9854438900947571	2.0044684410095215	-2.209721565246582	-0.2444377839565277	-0.12066208571195602	0.0613720566034317	0.14560754597187042	-0.7136020660400391	-1.0536508560180664	-2.2854201793670654	-2.0649983882904053	1.5388323068618774	1.228083610534668	-3.4724533557891846
-0.2525227665901184	0.012560403905808926	-0.04309297353029251	1.054538369178772	-2.8788347244262695	2.7737953662872314	0.9008458256721497	-0.012091785669326782	2.5046091079711914	-2.620790958404541	-0.5857393145561218	0.055521853268146515	-0.8723646402359009	2.6257500648498535	1.3378359079360962	-2.1353843212127686	-3.6531827449798584	1.4411406517028809	-1.0057519674301147	1.9669914245605469	-2.562530517578125	0.10398752987384796	-0.22897617518901825	0.3190303444862366	0.06255725026130676	-0.48455774784088135	-0.954561710357666	-2.2826716899871826	-1.844058632850647	1.546029806137085	1.1678630113601685	-3.7397682666778564
-0.2159467339515686	0.009053602814674377	-0.11571744084358215	1.0670397281646729	-2.801964282989502	2.8517987728118896	0.7882717847824097	0.034591350704431534	2.4743094444274902	-2.654714345932007	-0.5926132798194885	0.01085239090025425	-0.8713481426239014	2.6102657318115234	1.2287331819534302	-2.0823261737823486	-3.743285655975342	1.564835786819458	-1.0848562717437744	1.8476498126983643	-2.5621092319488525	0.00309169152751565	-0.15819548070430756	0.1995924413204193	0.17030033469200134	-0.5318464636802673	-1.0787383317947388	-2.347507953643799	-1.8683743476867676	1.4808661937713623	1.1607757806777954	-3.6819770336151123
0.009500588290393353	-0.14781811833381653	-0.07695546001195908	1.2483724355697632	-2.945730209350586	2.8803303241729736	0.8774205446243286	-0.0630054771900177	2.248425245285034	-2.669713020324707	-0.6184741258621216	0.2071729302406311	-0.7788804173469543	2.696099281311035	1.1565864086151123	-2.072134256362915	-3.667903184890747	1.368530511856079	-1.148449420928955	1.7909393310546875	-2.6195907592773438	0.10248846560716629	-0.08293566107749939	0.4211617112159729	0.16506266593933105	-0.42997920513153076	-1.2714025974273682	-2.509021759033203	-1.930991291999817	1.6466882228851318	1.3122071027755737	-3.3697476387023926
-0.13311347365379333	-0.20655690133571625	-0.34273403882980347	1.3066035509109497	-2.8272364139556885	2.999197244644165	0.7957172393798828	-0.13927127420902252	2.327996015548706	-2.6320443153381348	-0.9396296739578247	-0.03577837720513344	-0.788231611251831	2.5640244483947754	0.9835017323493958	-1.9724403619766235	-3.7384848594665527	1.4473352432250977	-1.2339391708374023	1.867362141609192	-2.557096242904663	-0.13478368520736694	-0.10421930253505707	0.3842868208885193	0.09331182390451431	-0.3356817960739136	-1.3085384368896484	-2.4095499515533447	-2.032853841781616	1.6655458211898804	1.264491319656372	-3.353799343109131
-0.24164505302906036	-0.3184176981449127	-0.4638167917728424	1.0862349271774292	-3.1562538146972656	2.8635811805725098	1.0493882894515991	-0.6319926977157593	2.3965132236480713	-2.795473337173462	-0.7313164472579956	-0.09823102504014969	-0.6341197490692139	2.6022636890411377	0.8704987168312073	-1.794834017753601	-3.5433361530303955	1.1624277830123901	-1.3248776197433472	1.8279821872711182	-2.603196620941162	0.09154602140188217	-0.3166801333427429	0.024754077196121216	0.1842375248670578	-0.26596251130104065	-1.4927409887313843	-2.257415294647217	-2.2091526985168457	1.3749312162399292	1.1832661628723145	-3.469586133956909
-0.22548457980155945	-0.27717363834381104	-0.43735265731811523	1.3998377323150635	-2.57133150100708	2.763462543487549	0.7122876644134521	-0.5136352777481079	2.355909824371338	-2.765148639678955	-0.8954441547393799	0.3674427270889282	-0.6025984883308411	2.823228359222412	1.0422239303588867	-2.1396679878234863	-3.6731786727905273	1.2532644271850586	-0.9488998651504517	1.68546724319458	-2.655113697052002	-0.07316378504037857	-0.34830716252326965	0.0036662151105701923	0.07970518618822098	-0.3158420920372009	-1.508638620376587	-2.524447202682495	-2.06559681892395	1.5537095069885254	1.247810959815979	-3.4054973125457764
-0.5047345757484436	-0.07156738638877869	-0.22463655471801758	1.2707641124725342	-2.4177470207214355	2.511061191558838	0.44474777579307556	-0.3451942205429077	2.640557289123535	-2.5280964374542236	-0.8394836187362671	0.4804816246032715	-0.5940926671028137	2.8991520404815674	0.9715855717658997	-2.3544909954071045	-3.9800074100494385	1.3712180852890015	-0.5694863200187683	1.78178071975708	-2.5722577571868896	-0.0741552785038948	-0.2946452498435974	0.10948237031698227	-0.015572745352983475	-0.4940202832221985	-1.4298583269119263	-2.401362180709839	-1.9208824634552002	1.5768864154815674	1.3363128900527954	-3.479064702987671
-0.2698347568511963	0.0544719435274601	-0.19315077364444733	1.339307427406311	-2.797791004180908	2.6894631385803223	0.64891517162323	-0.34567996859550476	2.5296459197998047	-2.464003801345825	-0.8184632062911987	0.4712161719799042	-0.6842164993286133	2.9575812816619873	1.0765694379806519	-2.1781506538391113	-3.7161974906921387	1.250475525856018	-0.8518199920654297	1.6914814710617065	-2.5256154537200928	-0.001367360120639205	-0.39028850197792053	0.1723218560218811	0.1195753812789917	-0.42564716935157776	-1.2960329055786133	-2.526595115661621	-1.9624831676483154	1.5318976640701294	1.4706790447235107	-3.445218801498413
-0.17201083898544312	0.07233842462301254	-0.4173836410045624	1.4002376794815063	-2.9000699520111084	2.9043307304382324	0.8098577857017517	-0.23157933354377747	2.402463912963867	-2.459780693054199	-0.9017536044120789	0.17707295715808868	-0.6912838816642761	2.4846060276031494	1.1363288164138794	-1.7211265563964844	-3.8375515937805176	1.4004530906677246	-0.9614176154136658	1.8337509632110596	-2.664294719696045	0.04959646612405777	-0.4769107401371002	0.22014811635017395	-0.004918609745800495	-0.15755189955234528	-1.4298810958862305	-2.3173534870147705	-1.9753247499465942	1.637754201889038	1.3994933366775513	-3.517045497894287
-0.20962314307689667	-0.25229281187057495	-0.5323165059089661	1.3097167015075684	-2.891921043395996	3.055650234222412	1.1585211753845215	-0.2678781747817993	2.0179336071014404	-2.5874674320220947	-1.0659902095794678	0.057374656200408936	-0.7664126753807068	2.3021605014801025	0.7457765936851501	-1.6833610534667969	-4.038492202758789	1.4793413877487183	-1.383205771446228	1.5777578353881836	-2.5768420696258545	-0.10670556128025055	-0.02236941084265709	0.3928937017917633	0.04153921827673912	-0.1142038032412529	-1.5954523086547852	-2.4090723991394043	-2.007014274597168	1.4960837364196777	1.329996109008789	-3.3896474838256836
-0.3329738676548004	-0.5326020121574402	-0.45682254433631897	1.3633334636688232	-2.7931878566741943	2.850990056991577	0.9650847315788269	-0.30756446719169617	2.1107120513916016	-2.5155112743377686	-1.4511488676071167	0.07510390132665634	-0.8763178586959839	2.4360876083374023	0.7073399424552917	-1.8018553256988525	-4.083450794219971	1.359814167022705	-1.511451005935669	1.7344032526016235	-2.358175754547119	-0.850075364112854	-0.24719537794589996	0.45845839381217957	0.1733771711587906	-0.2512533366680145	-1.6819331645965576	-2.393087863922119	-2.0470693111419678	1.6790598630905151	1.215203881263733	-3.1195502281188965
-0.2588261365890503	-1.087408185005188	-0.6458810567855835	1.5737900733947754	-2.488560199737549	3.0013232231140137	0.6982764601707458	-0.3244912922382355	1.9284086227416992	-2.3650243282318115	-1.9395439624786377	0.02456691488623619	-0.9287610054016113	2.2334072589874268	0.1756696105003357	-1.7890321016311646	-4.270136833190918	1.6193313598632812	-1.5935108661651611	1.727388858795166	-2.2300002574920654	-1.29091215133667	-0.46337175369262695	0.5270342826843262	0.28556960821151733	-0.4947242736816406	-1.819106101989746	-2.1740007400512695	-2.145859718322754	1.6543059349060059	0.8635386824607849	-2.8188517093658447
-0.5027343034744263	-1.0452736616134644	-0.47104209661483765	1.7433733940124512	-2.0481173992156982	2.7342100143432617	0.21914713084697723	-0.43046101927757263	2.4422495365142822	-2.6764731407165527	-2.086843490600586	0.15077081322669983	-0.9111683964729309	2.401536464691162	0.8002710342407227	-2.293693780899048	-3.8524599075317383	1.362496018409729	-1.805762529373169	1.7692689895629883	-2.2080078125	-1.6232925653457642	-0.5478534698486328	0.014061625115573406	0.1787247657775879	-0.5514975786209106	-1.4897655248641968	-2.172182559967041	-1.8429169654846191	1.8464685678482056	0.8912734985351562	-2.7768521308898926
-0.7069952487945557	-0.8380064368247986	-0.9521676301956177	1.519680142402649	-1.8538154363632202	2.9845499992370605	-0.05495477840304375	-0.33205315470695496	2.646590232849121	-2.944856643676758	-2.086402654647827	0.15311108529567719	-0.8915737867355347	2.422914743423462	0.5908622741699219	-2.1176705360412598	-3.7147531509399414	1.3930456638336182	-1.5853304862976074	1.5733355283737183	-2.1373443603515625	-1.4892555475234985	-0.31733256578445435	-0.4803508222103119	0.2752622067928314	-0.5499992370605469	-1.648861289024353	-2.136622190475464	-1.8279088735580444	1.8756228685379028	0.7829319834709167	-2.931152582168579
-0.5871906280517578	-0.8809796571731567	-0.6402289271354675	1.4258112907409668	-2.1952385902404785	2.7101054191589355	0.4086202383041382	-0.3857075572013855	2.6551876068115234	-2.915024518966675	-1.6317130327224731	0.5433172583580017	-0.7479369640350342	2.7950592041015625	0.8875366449356079	-2.443549394607544	-3.392134666442871	1.6584835052490234	-1.3497542142868042	1.7546058893203735	-2.0927624702453613	-1.5378367900848389	-0.4346846342086792	-0.09380896389484406	0.26318269968032837	-0.5348440408706665	-1.4820574522018433	-2.2725419998168945	-2.1296088695526123	1.97016179561615	0.9618947505950928	-2.6763854026794434
-0.6598430275917053	-0.5870869755744934	-0.20001298189163208	1.1764885187149048	-2.7065505981445312	2.6982736587524414	0.8686821460723877	-0.4565885663032532	2.5106894969940186	-2.3693554401397705	-1.3146510124206543	0.49104219675064087	-0.8005393147468567	2.845458745956421	0.9966475367546082	-2.206702709197998	-3.36039662361145	1.9681488275527954	-0.9090295433998108	2.264533042907715	-2.032491683959961	-1.6398762464523315	-0.8506372570991516	0.07299891859292984	0.17641180753707886	-0.42939311265945435	-1.5409435033798218	-1.9524143934249878	-2.5703988075256348	1.8245763778686523	1.1010982990264893	-2.742194652557373
-1.0288208723068237	-1.239197015762329	-0.46005481481552124	0.9907505512237549	-2.410930633544922	3.04468035697937	0.7705831527709961	-0.5463173389434814	1.9971768856048584	-2.7989253997802734	-1.3005508184432983	0.388919860124588	-0.3861547112464905	2.848106861114502	0.4325331747531891	-2.2633862495422363	-2.7001049518585205	1.8438644409179688	-1.2404594421386719	2.1365914344787598	-2.071741819381714	-2.103898048400879	-0.9196575880050659	-0.9290645122528076	0.48145705461502075	-0.49359363317489624	-1.7915189266204834	-1.6094039678573608	-2.7992687225341797	2.0511491298675537	0.8465569615364075	-2.5971126556396484
-1.073299527168274	-1.9612178802490234	-0.6604501008987427	0.8802163600921631	-1.856462001800537	3.3240246772766113	0.7325327396392822	-0.9307162761688232	1.577155351638794	-2.9459640979766846	-1.0922400951385498	0.5863401293754578	0.04029564931988716	3.004905939102173	0.0887908935546875	-2.2293221950531006	-1.7725517749786377	2.059293746948242	-1.5752339363098145	1.8817028999328613	-1.8754082918167114	-2.3635826110839844	-0.7353800535202026	-1.9315998554229736	0.5511695146560669	-0.5726153254508972	-1.9482719898223877	-1.3072103261947632	-3.154387950897217	1.848994493484497	0.47131285071372986	-2.161674737930298
-1.9752318859100342	-1.6967970132827759	-0.3548908829689026	0.5481168031692505	-1.2340645790100098	3.1424622535705566	-0.3700706958770752	-0.37990444898605347	2.4251112937927246	-2.5758023262023926	-1.2867671251296997	0.4030263125896454	-0.17547953128814697	3.7738637924194336	-0.36888420581817627	-2.016280174255371	-1.2387958765029907	1.998175859451294	-1.9297006130218506	1.8548204898834229	-1.0165736675262451	-3.279344081878662	0.010459642857313156	-2.310176134109497	0.7749567031860352	-1.3162051439285278	-1.9359047412872314	-0.8690786957740784	-2.313174247741699	1.8454550504684448	0.6984764933586121	-1.5520925521850586
-2.007300615310669	-2.030791997909546	-0.6461986899375916	0.465176522731781	-1.071303367614746	3.3488237857818604	0.06716249883174896	-0.5082461833953857	2.316962480545044	-2.6025619506835938	-0.8205492496490479	0.03927961736917496	-0.11911194026470184	3.790445327758789	-0.42817896604537964	-1.9278950691223145	-1.1504305601119995	2.002199411392212	-1.9487100839614868	2.0434458255767822	-1.216194987297058	-2.958545684814453	0.3178596794605255	-2.675650119781494	0.7156049609184265	-1.6047701835632324	-1.8125492334365845	-0.5176902413368225	-2.233814239501953	1.6099772453308105	0.4096983075141907	-1.5169256925582886
-1.810506820678711	-2.3225319385528564	-0.4477119445800781	0.6805422306060791	-1.155576467514038	3.37646746635437	0.25001639127731323	-0.47562482953071594	1.7495076656341553	-2.1392459869384766	-0.8363283276557922	0.28525638580322266	-0.21147267520427704	3.7917587757110596	-0.7217197418212891	-2.1162095069885254	-1.5340161323547363	2.309908628463745	-2.003995895385742	1.9652824401855469	-1.2424176931381226	-3.0432140827178955	0.09812168031930923	-2.5236730575561523	0.8762997388839722	-1.5655012130737305	-1.9362802505493164	-0.34745222330093384	-2.481503486633301	1.3868861198425293	0.5700330138206482	-1.2470004558563232
-1.4901783466339111	-2.147038459777832	-0.8804631233215332	1.1718029975891113	-1.0970827341079712	3.6584649085998535	0.4790871739387512	-0.42731431126594543	1.8090044260025024	-1.8105731010437012	-0.9184778928756714	0.4683309495449066	0.12132054567337036	3.6056294441223145	-0.5041510462760925	-2.1945090293884277	-1.6650968790054321	2.722813606262207	-1.8172527551651	2.1020984649658203	-1.4130747318267822	-2.7563059329986572	-0.012855423614382744	-2.4839553833007812	0.6387578845024109	-1.5005695819854736	-1.5521706342697144	-0.5182123780250549	-2.529578685760498	1.839773178100586	0.6311723589897156	-1.0635619163513184
-1.2391496896743774	-1.6861259937286377	-1.5604485273361206	1.2034099102020264	-0.8366591930389404	3.9774703979492188	0.8016247749328613	0.11370466649532318	1.885634183883667	-1.7992759943008423	-1.1448837518692017	0.11518993228673935	0.031076705083251	3.0459043979644775	-0.8400294780731201	-2.0752928256988525	-2.357192277908325	3.1878950595855713	-1.8256968259811401	2.305691719055176	-1.8354405164718628	-2.091897487640381	-0.09157388657331467	-2.0658137798309326	0.37068021297454834	-1.5216600894927979	-1.6524995565414429	-0.396587073802948	-2.175285816192627	1.9335448741912842	0.43207353353500366	-1.3293434381484985
-1.059746503829956	-1.1606932878494263	-1.590220332145691	0.9417812824249268	-0.7459611892700195	4.090583324432373	0.7270905375480652	0.1017288938164711	2.0366451740264893	-1.2213919162750244	-1.4478342533111572	0.20788536965847015	0.004012898541986942	2.809861183166504	-0.9809268116950989	-1.6977758407592773	-3.159910202026367	3.415188789367676	-1.247145652770996	2.483895778656006	-1.8666820526123047	-1.7343134880065918	-0.5964741706848145	-1.4644920825958252	0.23555757105350494	-1.6858965158462524	-1.645305871963501	-0.5162049531936646	-2.3749754428863525	1.9900944232940674	0.5692510604858398	-1.6135945320129395
-0.6484824419021606	-0.6432282328605652	-1.8741835355758667	1.1883509159088135	-0.45297935605049133	4.205033779144287	0.28625723719596863	0.08529573678970337	2.077909469604492	-0.6436837911605835	-1.7924962043762207	0.49747470021247864	-0.07101449370384216	2.463366746902466	-1.0498614311218262	-1.562989354133606	-3.35178279876709	3.5966944694519043	-1.1472194194793701	2.3261704444885254	-1.4852192401885986	-1.5528011322021484	-0.6096721887588501	-1.191589117050171	0.12369167059659958	-1.9116871356964111	-1.6125380992889404	-0.8138278722763062	-2.3960518836975098	2.2356114387512207	0.7175439596176147	-1.7206199169158936
-0.8909043669700623	-0.45973044633865356	-1.9378541707992554	0.8221089839935303	0.18817102909088135	4.117281436920166	-0.6988328099250793	-0.06222233548760414	2.254852771759033	-0.26867401599884033	-2.144725799560547	0.4691867530345917	0.34269604086875916	2.5601654052734375	-1.9406641721725464	-1.4079391956329346	-3.3762478828430176	2.847393035888672	-0.9303012490272522	1.9402265548706055	-1.3224937915802002	-1.2696869373321533	-0.1558542251586914	-1.2285187244415283	0.10538890957832336	-2.447791814804077	-2.034163236618042	-0.7460945248603821	-2.13053822517395	2.6257500648498535	0.9795946478843689	-1.6016712188720703
-0.8619221448898315	-0.4864121079444885	-1.6328372955322266	0.8781096935272217	0.018084894865751266	3.879495143890381	-0.8324218392372131	-0.2889709174633026	2.1484575271606445	-0.44930511713027954	-2.0726242065429688	0.6334277987480164	0.6549255847930908	2.922365427017212	-2.414377450942993	-1.3833950757980347	-3.673959732055664	2.312246799468994	-0.7927784323692322	1.919780969619751	-1.3093966245651245	-0.8472938537597656	-0.21122252941131592	-0.7652479410171509	0.3124200105667114	-2.680985450744629	-2.220818042755127	-0.9455501437187195	-2.1934189796447754	2.436612129211426	0.9396812915802002	-1.6016902923583984
-0.7821024060249329	-0.47566089034080505	-1.6046310663223267	1.0549869537353516	-0.3515745997428894	3.771979808807373	-0.9013866782188416	-0.5876303911209106	1.793088436126709	-0.5322266221046448	-1.9153691530227661	1.0199214220046997	0.9167373776435852	2.7841482162475586	-2.6124885082244873	-1.5647432804107666	-3.9708969593048096	2.1552937030792236	-0.5204300880432129	1.864030122756958	-1.508713722229004	-0.47037386894226074	-0.15848228335380554	-0.48944294452667236	0.2817716896533966	-2.6121461391448975	-2.1677000522613525	-1.2779356241226196	-2.314143657684326	2.241443157196045	0.9845440983772278	-1.5453022718429565
-0.8553426265716553	-0.4293188154697418	-1.5869592428207397	1.388747215270996	-0.7368201017379761	3.4764037132263184	-0.9035887718200684	-0.6058000326156616	1.7185497283935547	-0.8542181253433228	-1.8873813152313232	0.7445961236953735	1.132154107093811	3.1641101837158203	-2.736414670944214	-1.752568244934082	-4.288112163543701	1.4376399517059326	-1.040063738822937	1.5842583179473877	-1.5645215511322021	-0.36958903074264526	0.2018914371728897	-0.48820942640304565	0.33201637864112854	-2.3742611408233643	-2.3248255252838135	-1.07603120803833	-1.878532886505127	2.137171745300293	1.2715089321136475	-1.496599793434143
-0.5904581546783447	-0.45472174882888794	-1.3750540018081665	1.3531588315963745	-0.8124843239784241	3.0892066955566406	-1.1428951025009155	-0.13080719113349915	2.33769154548645	-1.337588906288147	-2.1937060356140137	0.2827560305595398	1.0893534421920776	3.2326862812042236	-2.2697386741638184	-1.8326759338378906	-4.3834967613220215	0.8613133430480957	-1.388449788093567	1.6227089166641235	-1.4281959533691406	-0.378335565328598	0.7865619659423828	-0.3196829557418823	0.23394106328487396	-2.075411319732666	-2.120255470275879	-1.3459932804107666	-1.0038985013961792	2.7826058864593506	1.4096667766571045	-1.7532163858413696
-0.43538689613342285	-0.45886051654815674	-1.528018832206726	1.2372602224349976	-1.0097321271896362	2.9751908779144287	-0.9876304268836975	0.23534871637821198	2.449350118637085	-1.483311414718628	-2.511824131011963	0.1802128702402115	0.8460891842842102	2.706533908843994	-2.3094403743743896	-1.4125138521194458	-4.646461486816406	0.9697368144989014	-1.501189947128296	1.4053921699523926	-1.3802928924560547	-0.09904739260673523	0.9946930408477783	-0.3402380645275116	0.15758785605430603	-1.6097806692123413	-2.2854011058807373	-1.4013774394989014	-0.6722832322120667	3.039409875869751	1.1901271343231201	-2.0573108196258545
-0.34116682410240173	-0.18908190727233887	-1.5555214881896973	1.485230803489685	-1.2418112754821777	3.04555606842041	-0.8447730541229248	0.4373120665550232	2.566260814666748	-1.3084828853607178	-2.7063939571380615	-0.022240949794650078	0.7103171944618225	2.8073465824127197	-2.1298985481262207	-1.2427120208740234	-4.5243916511535645	0.8737728595733643	-1.707049012184143	1.4522616863250732	-1.1259649991989136	-0.12028409540653229	0.9701495170593262	-0.2267187535762787	0.004177665337920189	-1.4148333072662354	-2.270930290222168	-1.2397453784942627	-0.41002094745635986	3.2456133365631104	1.2646517753601074	-1.9701825380325317
0.9005929231643677	0.502988338470459	-0.6401345729827881	2.0057873725891113	-1.3307015895843506	3.1643316745758057	-1.400864839553833	-0.037029821425676346	2.521855592727661	-1.652124047279358	-2.1822056770324707	0.5774847865104675	0.29589128494262695	3.3532934188842773	-0.9705699682235718	-0.7513142824172974	-3.514219284057617	1.557159662246704	-2.4980573654174805	1.54111909866333	-0.8819148540496826	-0.2277495265007019	0.5367236137390137	-0.8253813982009888	-0.2874038815498352	-1.2643756866455078	-2.5563418865203857	-1.528478741645813	-0.8274484872817993	3.135847568511963	1.0671144723892212	-2.516728639602661
0.8145524263381958	0.5651318430900574	-0.9699863195419312	1.9395551681518555	-1.6636031866073608	3.4267525672912598	-1.1403645277023315	-0.09045442938804626	2.5920560359954834	-1.573359727859497	-2.55948805809021	0.36055219173431396	0.11938709020614624	3.249328374862671	-1.071981430053711	-0.37732020020484924	-3.406907320022583	1.9018831253051758	-2.3832080364227295	1.3512439727783203	-0.8782461881637573	-0.18050038814544678	-0.09949281066656113	-0.5036286115646362	-0.0788649171590805	-1.0655958652496338	-2.610572576522827	-1.3138341903686523	-1.0899096727371216	2.9768130779266357	0.9589828252792358	-2.5114474296569824
0.8905477523803711	0.3098430931568146	-0.9965106248855591	1.984397053718567	-1.84423828125	3.4793200492858887	-1.0429177284240723	-0.24906694889068604	2.7187130451202393	-1.8127355575561523	-2.2362968921661377	0.0721835345029831	-0.012124424800276756	3.4116077423095703	-0.7644343972206116	-0.08901984989643097	-2.85819411277771	1.5988433361053467	-2.8238792419433594	1.307424545288086	-1.008678674697876	-0.3606816828250885	0.1747213900089264	-0.7753257751464844	-0.353506475687027	-1.1727383136749268	-2.653966188430786	-1.254275918006897	-0.8673960566520691	2.941274881362915	1.0470900535583496	-2.6082561016082764
0.7998758554458618	0.7628718018531799	-1.0249683856964111	2.258423089981079	-1.9919483661651611	3.557845115661621	-0.949972927570343	0.15732808411121368	2.620798110961914	-1.6590160131454468	-2.194356918334961	-0.06828849762678146	-0.25331470370292664	3.357163667678833	-0.5400969386100769	0.060007452964782715	-2.858546733856201	1.5882688760757446	-3.0240020751953125	1.4935897588729858	-0.9683399200439453	-0.6125146746635437	0.0968003198504448	-0.6158392429351807	-0.26743096113204956	-1.0758726596832275	-2.469559669494629	-1.0316787958145142	-0.7850342988967896	2.870488166809082	1.0370633602142334	-2.6284422874450684
-1.308294415473938	-0.04588926210999489	-1.193335771560669	-0.09595804661512375	-0.8784222602844238	3.8135268688201904	-1.3492777347564697	-0.5778308510780334	1.432446002960205	-0.9466319680213928	-2.0573596954345703	0.21025824546813965	-0.6025400161743164	3.465179920196533	-3.7098584175109863	0.5258920788764954	-0.6089835166931152	1.5773521661758423	-3.0943081378936768	0.14472362399101257	0.1952604055404663	-2.4913270473480225	-0.04064882546663284	-2.4172301292419434	0.7537054419517517	-2.529728889465332	-2.899326801300049	0.0524650514125824	-2.0835258960723877	0.7118681073188782	0.41080033779144287	-0.9009682536125183
-1.54329252243042	-0.1528724730014801	-0.8861081600189209	-0.09186182916164398	-0.6459736824035645	3.6540470123291016	-1.347216248512268	-0.7295814752578735	1.1431715488433838	-1.1199374198913574	-2.080954074859619	0.39039894938468933	-0.714358389377594	3.490041732788086	-3.458986520767212	0.2566360831260681	-0.7945264577865601	1.2810980081558228	-3.10796856880188	0.2957434058189392	0.143327534198761	-2.5237016677856445	0.18199673295021057	-2.7527763843536377	0.5930803418159485	-2.5895543098449707	-3.109346389770508	0.04625651240348816	-2.0510189533233643	0.9280082583427429	0.4561775326728821	-0.9465681910514832
-1.4706552028656006	0.007691601291298866	-1.2494920492172241	0.24842219054698944	-1.1783077716827393	3.716632843017578	-1.0268025398254395	-0.4563963711261749	1.5265189409255981	-0.7582381367683411	-1.8965202569961548	0.026150356978178024	-1.058828353881836	3.488846778869629	-3.772573947906494	-0.035343416035175323	-0.526475727558136	0.9300999641418457	-3.553168535232544	0.4929499626159668	0.2805459201335907	-2.2276124954223633	0.8254696130752563	-2.5484580993652344	1.0023024082183838	-2.9163498878479004	-2.338735818862915	0.3894081711769104	-1.6337062120437622	1.1274446249008179	0.4524913728237152	-0.46607112884521484
-0.7408069968223572	0.468300461769104	-0.7390027642250061	0.9341452121734619	-2.3728582859039307	3.9015116691589355	-0.40767666697502136	-0.5470418334007263	1.4127371311187744	-0.1551896035671234	-1.9152463674545288	0.774651050567627	-1.7337656021118164	3.860185146331787	-3.127725124359131	-1.2745176553726196	-0.5256877541542053	0.37628889083862305	-3.632758617401123	1.4817177057266235	0.0007825439097359776	-1.917642593383789	0.4381925165653229	-2.06925368309021	1.1310408115386963	-2.7998340129852295	-1.2245818376541138	0.23336341977119446	-1.5612000226974487	1.4273796081542969	1.0523091554641724	-0.8229348063468933
-0.7847388982772827	0.5377195477485657	-1.5098320245742798	0.830746591091156	-2.8618569374084473	3.835347890853882	-0.5649060010910034	-0.9427198767662048	1.1436644792556763	-0.3986629247665405	-2.135185718536377	0.5256749391555786	-1.5785691738128662	3.0429601669311523	-2.9542908668518066	-1.0117501020431519	-0.7304254770278931	1.0631654262542725	-3.9873650074005127	1.3641719818115234	-0.1433606594800949	-1.9367144107818604	0.559373676776886	-2.388901948928833	1.185734748840332	-1.961418628692627	-1.2889693975448608	0.34355059266090393	-1.9223401546478271	1.0622669458389282	1.1685491800308228	-1.3323568105697632
-0.8610627055168152	0.8396515250205994	-1.5831363201141357	0.8163660764694214	-3.4257755279541016	3.535609483718872	-1.185970425605774	-0.6006971001625061	1.0550734996795654	-0.535683810710907	-1.9412622451782227	0.08402915298938751	-1.4865517616271973	2.5739452838897705	-2.4470431804656982	-0.9427547454833984	-0.5344504714012146	0.639790952205658	-4.314896106719971	1.1741669178009033	-0.37402892112731934	-1.715672492980957	1.0269684791564941	-2.901144027709961	1.4908236265182495	-1.1855032444000244	-1.3641421794891357	0.23712724447250366	-1.549361228942871	0.6565380692481995	1.5740342140197754	-2.094872236251831
-1.1595885753631592	0.9835463762283325	-1.0275599956512451	1.026609182357788	-3.2909367084503174	2.751555919647217	-1.784226417541504	-1.01493501663208	1.1529581546783447	-0.8515517711639404	-1.7902748584747314	0.2385302186012268	-1.146963357925415	2.8747236728668213	-2.20959210395813	-1.0609652996063232	-0.34167858958244324	0.10738018900156021	-4.531201362609863	1.1117429733276367	0.0351150743663311	-2.0281240940093994	1.2584969997406006	-3.4381392002105713	1.255264401435852	-0.9495795965194702	-1.3870717287063599	0.18921418488025665	-1.3754814863204956	0.34850484132766724	1.7641876935958862	-1.7553550004959106
-1.2790122032165527	0.8181869387626648	-0.785333514213562	0.8781808614730835	-3.1034085750579834	2.619368553161621	-1.8012760877609253	-0.9127683043479919	1.2401983737945557	-1.3910512924194336	-1.7572472095489502	0.09635016322135925	-0.9083327651023865	3.063537120819092	-2.438509702682495	-1.0264381170272827	-0.3355846107006073	-0.21570013463497162	-4.627392292022705	0.6548823118209839	0.10893307626247406	-2.0807464122772217	1.5026403665542603	-3.185429096221924	1.0888135433197021	-1.1938965320587158	-1.4828814268112183	-0.19802463054656982	-1.3454856872558594	0.4797016978263855	1.7769414186477661	-1.7782466411590576
-0.9619676470756531	-0.10835038125514984	-1.9921724796295166	0.8315619826316833	-2.5723700523376465	3.837214469909668	-1.2958183288574219	-0.6716155409812927	0.7115688920021057	-1.1784964799880981	-2.1162893772125244	-0.30544665455818176	-0.9309294819831848	1.8385860919952393	-2.9940450191497803	-1.0159660577774048	-1.2198386192321777	1.5089390277862549	-4.09311056137085	0.3931962847709656	-1.0728158950805664	-2.013526439666748	0.20049609243869781	-2.669762134552002	1.2393531799316406	-1.54079270362854	-2.1869986057281494	-0.013955587521195412	-1.669020175933838	0.7341586947441101	1.14191472530365	-1.9627894163131714
-1.102052927017212	0.5295770764350891	-1.8388874530792236	0.887843668460846	-2.527259349822998	3.526461601257324	-1.1198554039001465	-1.5144224166870117	0.6426436901092529	-1.3138092756271362	-1.8721872568130493	0.19346103072166443	-0.5076401233673096	2.492271661758423	-3.842522621154785	-0.8818838596343994	-1.1532971858978271	0.4287974238395691	-3.9507076740264893	0.3334595263004303	-0.8315213918685913	-1.4876128435134888	0.39818060398101807	-2.8078203201293945	0.9035115242004395	-1.924553632736206	-2.176175355911255	0.028368566185235977	-1.8261497020721436	0.37120744585990906	1.2472878694534302	-1.3439202308654785
-0.5047502517700195	0.5667733550071716	-1.0497571229934692	1.1019269227981567	-3.3099470138549805	3.367666721343994	-1.008878469467163	-1.2078957557678223	0.5905201435089111	-0.674958348274231	-1.9241822957992554	0.6776182651519775	-1.1742451190948486	2.733433485031128	-3.059940814971924	-1.955311894416809	-1.6246535778045654	0.529691219329834	-3.778352975845337	1.3497108221054077	-0.9518349766731262	-1.5935760736465454	0.13768304884433746	-2.1857213973999023	1.2557412385940552	-1.7079330682754517	-1.6239768266677856	-0.11972733587026596	-1.665681004524231	0.5499890446662903	1.7101187705993652	-2.2191126346588135
-1.340604305267334	1.2582917213439941	-1.1087934970855713	1.5368891954421997	-3.425823450088501	2.818671464920044	-1.121289849281311	-1.815132975578308	1.1693118810653687	-0.7197591066360474	-1.8575127124786377	0.8126991391181946	-1.0915790796279907	2.886715888977051	-2.597795009613037	-1.584395170211792	-0.7572115063667297	-0.3801858723163605	-3.9768624305725098	1.4012659788131714	0.057909347116947174	-1.3815374374389648	1.3586329221725464	-3.2288050651550293	0.5027977228164673	-1.031064748764038	-0.7451016306877136	0.07535527646541595	-1.9192004203796387	0.1357114017009735	1.6661416292190552	-1.7264654636383057
-0.9884612560272217	1.1628146171569824	-1.6652300357818604	1.4879263639450073	-3.616997003555298	3.692591428756714	-0.38609251379966736	-1.6394946575164795	0.912671685218811	-0.004901221953332424	-2.107513904571533	0.8332003355026245	-1.3933254480361938	1.8940398693084717	-2.3916878700256348	-1.324655294418335	-1.4799721240997314	1.1086291074752808	-3.587026596069336	1.728549599647522	-0.4354521930217743	-1.2270106077194214	0.4069209396839142	-3.2102155685424805	0.7534825801849365	-0.7814493179321289	-0.9318616390228271	0.23590520024299622	-2.1289525032043457	0.32148903608322144	1.4501562118530273	-1.9685262441635132
-0.9324941635131836	1.2538435459136963	-1.5194004774093628	1.4555420875549316	-3.840880870819092	3.5061216354370117	-0.3710036873817444	-1.8879094123840332	0.8836817145347595	0.12368614971637726	-1.924530267715454	0.8278943300247192	-1.1860308647155762	2.14689302444458	-2.421952486038208	-1.2220118045806885	-1.4391969442367554	0.687140166759491	-3.6409451961517334	1.6858580112457275	-0.3681110143661499	-1.198508620262146	-0.0405438095331192	-3.0790820121765137	0.8279461860656738	-0.8246318101882935	-0.895348072052002	0.32126301527023315	-2.0272974967956543	0.1875574141740799	1.6696637868881226	-2.2190136909484863
-0.8410530686378479	1.079250693321228	-1.4405899047851562	1.3936562538146973	-3.5871105194091797	3.785283327102661	-0.222586989402771	-1.4443743228912354	1.1768471002578735	0.17063719034194946	-1.8390382528305054	0.7502042651176453	-1.426946997642517	2.7363944053649902	-2.7359251976013184	-1.4202978610992432	-1.5140074491500854	0.8099266290664673	-3.499728202819824	1.9760502576828003	-0.3791918158531189	-1.226391315460205	-0.12366214394569397	-2.3420379161834717	1.0007599592208862	-1.5514163970947266	-0.9542821645736694	0.46185392141342163	-1.9967186450958252	0.47951704263687134	1.4538378715515137	-1.811376690864563
-0.6415606737136841	1.026991605758667	-1.3422656059265137	1.4217650890350342	-3.1647486686706543	3.926844835281372	-0.22169888019561768	-1.2113871574401855	1.1085426807403564	0.04507841914892197	-1.9379700422286987	1.115271806716919	-1.6635825634002686	2.956645965576172	-3.07069730758667	-1.3831816911697388	-1.3488490581512451	1.0747590065002441	-3.187580108642578	1.8523198366165161	-0.38667452335357666	-1.6269283294677734	-0.24154239892959595	-1.9668073654174805	0.9410762786865234	-2.0483920574188232	-1.0575709342956543	0.38582292199134827	-2.1590657234191895	0.8111462593078613	1.2131717205047607	-1.4988881349563599
-0.5437319278717041	0.3130464553833008	-0.738438606262207	1.2100971937179565	-2.9930005073547363	3.9586095809936523	-0.12295267730951309	-0.8782488107681274	1.00888991355896	-0.18237966299057007	-1.7451577186584473	0.7874685525894165	-1.5132381916046143	3.4362950325012207	-2.8275341987609863	-1.77572500705719	-1.755361795425415	0.8452880382537842	-3.177210807800293	1.8972963094711304	-0.7870212197303772	-1.4599345922470093	-0.6386166214942932	-1.4531350135803223	1.1453003883361816	-2.5733864307403564	-1.5557692050933838	0.17096275091171265	-1.9283740520477295	1.1695526838302612	1.1373153924942017	-1.6415165662765503
-0.508601725101471	0.18365606665611267	-0.9146300554275513	1.3675825595855713	-2.9848053455352783	3.8768365383148193	0.008140359073877335	-0.6842608451843262	1.0874354839324951	-0.4198068380355835	-1.9751192331314087	0.8526632189750671	-1.448136329650879	3.3847453594207764	-2.76513671875	-1.9008595943450928	-2.0609264373779297	1.1128528118133545	-2.9035043716430664	1.7742929458618164	-1.0347899198532104	-1.586670160293579	-0.6549617052078247	-1.1036794185638428	1.0296661853790283	-2.4552090167999268	-1.6927614212036133	-0.14921638369560242	-1.918921709060669	1.2913941144943237	1.0412447452545166	-1.7561358213424683
-0.831801176071167	0.08310306072235107	-1.1169840097427368	1.2119368314743042	-2.5481224060058594	3.883791208267212	-0.22290045022964478	-0.3931882381439209	1.103794813156128	-0.5830031037330627	-2.0773141384124756	0.771264374256134	-1.382997989654541	3.4703726768493652	-3.1312179565429688	-1.6789017915725708	-1.818686842918396	1.245436191558838	-3.0322418212890625	1.4376002550125122	-0.808120608329773	-1.797475814819336	-0.07946733385324478	-1.379164695739746	1.0326411724090576	-2.4952855110168457	-1.8720369338989258	-0.13666725158691406	-1.8844468593597412	1.5493768453598022	0.9794848561286926	-1.4548382759094238
-1.0452256202697754	0.44778192043304443	-1.154665470123291	1.4002060890197754	-2.7777581214904785	3.4999120235443115	-0.4603428840637207	-1.1235227584838867	1.2427688837051392	-0.5866886973381042	-2.1594090461730957	0.8327285051345825	-1.1444153785705566	3.296551465988159	-3.2281851768493652	-1.7922608852386475	-1.5293769836425781	0.8439766764640808	-3.3199050426483154	1.455690622329712	-0.4011763632297516	-2.0180771350860596	-0.06331998109817505	-2.006848096847534	0.9063892960548401	-2.282503128051758	-1.3529798984527588	0.137609601020813	-2.0612165927886963	1.3951276540756226	1.1088285446166992	-1.0750141143798828
-1.604887843132019	1.183239221572876	-1.6736948490142822	1.4593846797943115	-2.733227014541626	3.411499500274658	-0.8739441633224487	-1.6421077251434326	1.4001256227493286	-0.2738298773765564	-2.5401101112365723	0.9113219976425171	-0.7275654077529907	2.434494733810425	-3.179114818572998	-1.8232622146606445	-1.3313496112823486	0.4685838520526886	-3.247836112976074	1.393416166305542	-0.08421437442302704	-1.6729164123535156	0.5662708282470703	-3.0935633182525635	0.5847800374031067	-1.713238000869751	-0.6487066745758057	0.07295314222574234	-2.050868034362793	1.2291762828826904	1.2723933458328247	-1.049297571182251
-1.3566079139709473	1.102708339691162	-1.5672166347503662	1.4828115701675415	-2.5946054458618164	3.6011312007904053	-0.59107905626297	-1.4042245149612427	1.5410122871398926	-0.2307208776473999	-2.4561996459960938	0.9003246426582336	-1.0187236070632935	2.863258123397827	-3.239900827407837	-1.705932378768921	-1.2773078680038452	0.8094146251678467	-3.0826427936553955	1.678379774093628	0.011000330559909344	-1.7722727060317993	0.36001598834991455	-2.5637378692626953	0.5246850252151489	-2.0806024074554443	-0.7224031686782837	0.3519524335861206	-2.062007427215576	1.4573509693145752	1.093891978263855	-1.0395774841308594
-1.0189532041549683	0.8431556820869446	-1.2404212951660156	1.460416555404663	-2.590707302093506	3.6800522804260254	-0.8313321471214294	-1.1560370922088623	1.5678987503051758	-0.1706644594669342	-2.4512836933135986	0.8619564771652222	-1.283537745475769	3.2506332397460938	-3.0932397842407227	-1.5079413652420044	-1.0427323579788208	0.7566604614257812	-3.0438125133514404	1.5586049556732178	-0.1667579710483551	-2.1500375270843506	-0.11979325860738754	-2.184164047241211	0.7803341746330261	-2.311253309249878	-1.1003282070159912	0.16754752397537231	-1.9547090530395508	1.5036699771881104	1.1125988960266113	-1.305112600326538
-1.081367015838623	0.5337398648262024	-1.2638742923736572	1.3927751779556274	-2.182529926300049	3.705855369567871	-0.7390880584716797	-0.45932191610336304	1.2347124814987183	-0.4841013550758362	-2.601088285446167	0.6646958589553833	-1.1496453285217285	3.3745880126953125	-3.435814619064331	-1.4733216762542725	-1.542564868927002	0.7298092842102051	-2.875880718231201	1.1903364658355713	-0.43157893419265747	-2.3663437366485596	-0.11854656040668488	-1.4878772497177124	0.9346500635147095	-2.6260476112365723	-1.6112028360366821	-0.03196157142519951	-1.7457101345062256	1.9518016576766968	1.0011777877807617	-1.12413489818573
-1.0213549137115479	0.3928006887435913	-1.5751168727874756	1.4461482763290405	-2.2051265239715576	3.685208797454834	-0.5822774171829224	-0.3912111818790436	1.4066412448883057	-0.5644332766532898	-2.784792423248291	0.8521866798400879	-0.9757993221282959	3.246204376220703	-3.3631088733673096	-1.6194099187850952	-1.911081314086914	0.9178751707077026	-2.7029941082000732	1.0597032308578491	-0.6241532564163208	-2.094230890274048	-0.0031772719230502844	-1.2378098964691162	0.9095038175582886	-2.4778082370758057	-1.5788685083389282	-0.42021843791007996	-1.8207085132598877	2.1509387493133545	0.953811526298523	-1.1723451614379883
-1.0165129899978638	0.15723063051700592	-1.3017463684082031	1.4192044734954834	-2.019712209701538	3.5497050285339355	-0.6887345910072327	-0.4459223449230194	1.2837514877319336	-1.0243804454803467	-2.7507495880126953	0.5201598405838013	-0.8681053519248962	3.3302321434020996	-3.1426713466644287	-1.5641448497772217	-1.8476027250289917	0.6852284073829651	-3.1446533203125	0.7233232855796814	-0.6213808059692383	-2.393354892730713	-0.05324387550354004	-1.3908957242965698	1.034163475036621	-2.4826602935791016	-1.7747150659561157	-0.6938135027885437	-1.6824709177017212	1.995119333267212	0.9907960295677185	-1.4748001098632812
-1.0593011379241943	0.609181821346283	-1.229864239692688	1.6648988723754883	-2.0939061641693115	3.368638038635254	-0.9214827418327332	-0.4773978590965271	1.8592184782028198	-0.4710986912250519	-2.919774055480957	0.6391006708145142	-0.9046450853347778	3.564685583114624	-3.242927074432373	-1.8228414058685303	-1.8142272233963013	0.6986521482467651	-2.596388101577759	1.606105089187622	-0.13876500725746155	-2.2795965671539307	-0.00023285408678930253	-1.3620679378509521	0.9806243181228638	-2.516333818435669	-1.0634206533432007	-0.12395559251308441	-1.6789532899856567	2.1493797302246094	0.8375128507614136	-0.8276262879371643
-1.4779574871063232	0.8882871866226196	-0.8529286980628967	1.7362585067749023	-2.1449193954467773	3.097167491912842	-0.7174298763275146	-0.8305150866508484	2.1080591678619385	-0.37614908814430237	-2.5132358074188232	0.9835065007209778	-0.5552098155021667	3.8802385330200195	-3.0902531147003174	-2.129488945007324	-1.6204655170440674	0.24853087961673737	-2.4638309478759766	1.8778992891311646	0.29086267948150635	-2.019491672515869	0.4946036636829376	-1.8675988912582397	0.6512352228164673	-2.6677134037017822	-0.7226130366325378	-0.25509876012802124	-1.7556716203689575	1.9848170280456543	0.9897420406341553	-0.5092291235923767
-1.4867340326309204	1.6650779247283936	-1.0840703248977661	1.9094934463500977	-2.7501139640808105	2.9288978576660156	-0.8424565196037292	-1.9755256175994873	2.01212215423584	-0.25490209460258484	-2.5738186836242676	1.1523308753967285	-0.41999220848083496	3.1982431411743164	-2.3860762119293213	-2.3239312171936035	-1.4200915098190308	-0.018178444355726242	-2.8508729934692383	2.144050359725952	0.3859730362892151	-1.7148444652557373	0.522053599357605	-2.5829899311065674	0.3769075870513916	-1.4500041007995605	-0.12271417677402496	-0.22566474974155426	-2.0558221340179443	1.3770848512649536	1.2816455364227295	-1.0125056505203247
-0.9889254570007324	1.9714539051055908	-1.0560535192489624	1.9206334352493286	-3.6638808250427246	2.987748622894287	-1.4082670211791992	-1.9477944374084473	1.314206600189209	-0.6285455226898193	-2.190185785293579	0.6497423648834229	-0.6916728615760803	2.130280017852783	-1.2789380550384521	-2.2037534713745117	-0.9904463291168213	-0.378865122795105	-3.4659934043884277	1.702860713005066	-0.6580069065093994	-1.2258925437927246	0.2089177668094635	-3.4351871013641357	0.5123072266578674	-0.5782648921012878	-0.15122564136981964	-0.4946593940258026	-1.5498934984207153	0.6305526494979858	1.9751806259155273	-2.443504571914673
-0.7687296867370605	1.235525369644165	-0.442438542842865	2.244938373565674	-3.4612560272216797	2.201796531677246	-1.8666642904281616	-0.9768741726875305	0.830184280872345	-1.4434399604797363	-2.3226473331451416	0.27444201707839966	-0.5247759819030762	1.746302843093872	-0.5926554203033447	-2.663365364074707	-1.4791383743286133	-0.9441950917243958	-3.9170355796813965	0.5663115978240967	-1.5798399448394775	-1.9633864164352417	0.5987624526023865	-2.559601306915283	0.18377049267292023	-0.015033516101539135	-0.42540180683135986	-1.5800195932388306	-0.38862690329551697	1.394350290298462	2.6409192085266113	-2.929581642150879
-0.839429497718811	1.098598599433899	0.09647909551858902	2.3068737983703613	-3.198197364807129	1.346987247467041	-1.9454091787338257	-0.7193543910980225	1.2967193126678467	-1.7862324714660645	-1.8782992362976074	0.25325527787208557	-0.2851375937461853	2.730297088623047	-0.6156452894210815	-3.113913059234619	-1.2149131298065186	-1.9695650339126587	-4.0103440284729	0.29145383834838867	-0.8088487982749939	-1.9188203811645508	1.5509483814239502	-2.203319549560547	-0.21863333880901337	-0.36884379386901855	-0.363494336605072	-1.5817267894744873	-0.0848989263176918	1.8019979000091553	2.5639567375183105	-2.138148784637451
-0.7728877067565918	0.14324365556240082	0.6013661026954651	1.9608936309814453	-2.1816136837005615	2.009215831756592	-1.7270565032958984	0.5029584169387817	1.1212341785430908	-1.6266849040985107	-2.4294066429138184	0.12738469243049622	-1.1109702587127686	2.704359531402588	-0.5570370554924011	-2.9333207607269287	-2.4463999271392822	-0.21291537582874298	-3.5561273097991943	0.7243496775627136	-0.898884654045105	-2.875117063522339	1.6741511821746826	-1.5875571966171265	0.15609723329544067	-1.1165286302566528	-0.9848337173461914	-1.6697027683258057	0.09916766732931137	2.36993408203125	2.2936277389526367	-2.518930435180664
-1.1229970455169678	-0.19911041855812073	0.3205539286136627	1.7723538875579834	-2.258786678314209	1.8513221740722656	-1.0008774995803833	0.25904232263565063	2.192183017730713	-2.015254259109497	-1.55991792678833	0.06973499059677124	-0.6419490575790405	3.6284849643707275	0.1565447747707367	-3.605349063873291	-1.3134108781814575	0.05831628665328026	-3.529815912246704	1.3329589366912842	-0.33392131328582764	-2.6637961864471436	1.704054355621338	-1.2535111904144287	-0.4315154254436493	-1.2863354682922363	-1.1541087627410889	-1.683762550354004	-0.005473494064062834	2.443100690841675	2.1540048122406006	-1.9201724529266357
-1.744475245475769	0.6929492354393005	0.07767623662948608	1.7223654985427856	-2.2400035858154297	1.9628450870513916	-0.7845431566238403	-0.4822384715080261	2.7558720111846924	-1.0478113889694214	-1.5877550840377808	0.5416618585586548	-0.3876851499080658	4.705910682678223	-0.29876869916915894	-2.5844922065734863	-0.7377785444259644	-0.782726526260376	-3.220334053039551	1.6220587491989136	0.9049025177955627	-2.357501983642578	2.094547986984253	-1.807644248008728	-0.5675261616706848	-1.5334949493408203	-1.3315091133117676	-0.8684977889060974	-0.7963048815727234	2.0778801441192627	2.0620388984680176	-0.7868831157684326
-1.6741816997528076	0.5281686186790466	-0.1088474690914154	1.728036880493164	-2.525116443634033	1.9569895267486572	-0.5058597326278687	-0.8570638298988342	2.907243251800537	-0.922470211982727	-2.0480430126190186	0.7262104153633118	-0.30211371183395386	4.788375377655029	-0.10623662918806076	-1.932926058769226	-0.6488886475563049	-0.5949916839599609	-3.1073286533355713	1.584706425666809	1.102799892425537	-2.5031588077545166	1.8026214838027954	-2.0244030952453613	-0.2984650433063507	-1.0026202201843262	-1.555812954902649	-0.7751161456108093	-1.1532196998596191	1.800096035003662	2.215555429458618	-0.7519474029541016
-1.2648329734802246	0.336825966835022	-0.3958321809768677	1.926762580871582	-2.813828468322754	2.170827627182007	-0.7193292379379272	-0.4722815752029419	2.9167113304138184	0.15800000727176666	-2.66267728805542	1.0047332048416138	-0.5704544186592102	4.524781227111816	-0.26483049988746643	-1.4498727321624756	-1.453909158706665	0.8571540713310242	-2.472294807434082	1.3877553939819336	0.8368474245071411	-2.761660099029541	0.7938399910926819	-1.367411494255066	-0.012645210139453411	-1.025341510772705	-2.3009684085845947	-0.8053234815597534	-2.081256628036499	1.4711482524871826	2.2936747074127197	-0.989497184753418
-1.0850718021392822	-0.3085075616836548	-0.8421265482902527	1.8500537872314453	-3.1987359523773193	2.481497287750244	-0.27582603693008423	-0.24537406861782074	2.8464441299438477	0.5397183895111084	-2.4582479000091553	0.38522088527679443	-0.8437055349349976	3.8120455741882324	0.04552594944834709	-1.2207472324371338	-1.699017882347107	2.3159332275390625	-2.0676796436309814	2.2391915321350098	0.313274085521698	-2.7296276092529297	-0.12502431869506836	-1.1080234050750732	-0.04430055618286133	-0.8025559186935425	-2.39608097076416	0.1138925701379776	-2.4897937774658203	1.246048092842102	1.9983996152877808	-1.5071147680282593
-1.24445378780365	0.09244486689567566	-0.6619707345962524	1.878625750541687	-2.3284432888031006	2.270411729812622	-1.0593562126159668	-0.6884546279907227	2.8691744804382324	0.008537528105080128	-2.628225088119507	0.3603793978691101	-0.29866400361061096	4.059877872467041	-0.38098573684692383	-1.875504732131958	-1.9104201793670654	1.655110239982605	-2.1526668071746826	2.386960506439209	0.2245969921350479	-2.5820608139038086	-0.07388503849506378	-1.4553178548812866	-0.2725277841091156	-1.1936547756195068	-1.9280881881713867	-0.20715540647506714	-2.394087553024292	1.6365320682525635	1.8228914737701416	-2.0602641105651855
-1.3211548328399658	-0.05442678928375244	-0.5232117772102356	1.9578195810317993	-2.7711386680603027	2.037470817565918	-0.08250977843999863	-0.8767880201339722	2.4185073375701904	-0.36604762077331543	-2.178081512451172	-0.22112441062927246	-0.31929686665534973	4.080784797668457	0.5812444090843201	-1.9773255586624146	-1.7802951335906982	1.2824069261550903	-2.4549319744110107	2.2636561393737793	0.2478792369365692	-3.104048013687134	-0.9814140796661377	-1.3818585872650146	-0.12342345714569092	-0.7776401042938232	-1.7935471534729004	-0.14080700278282166	-2.4812893867492676	1.4935247898101807	1.9829511642456055	-2.24721622467041
-1.2958215475082397	-0.11015215516090393	-0.17006553709506989	1.606583595275879	-2.289757490158081	1.5597962141036987	-0.9632891416549683	-0.9164210557937622	2.5006520748138428	-0.9322965741157532	-1.9588348865509033	-0.5251898169517517	-0.2702258229255676	4.392882823944092	0.5950217843055725	-2.250757932662964	-1.4144930839538574	0.3850466012954712	-2.8683903217315674	1.8026773929595947	0.48635780811309814	-3.7408485412597656	-0.8540993332862854	-1.4367045164108276	0.22778832912445068	-1.1833537817001343	-1.931717872619629	-0.41135820746421814	-1.9540988206863403	1.687854290008545	1.8380200862884521	-2.0445497035980225
-0.9049380421638489	-0.6137763857841492	-0.3519324064254761	1.4453074932098389	-2.2252211570739746	2.444115161895752	-0.2924868166446686	-0.33035480976104736	2.3786983489990234	-0.8964992165565491	-1.6580833196640015	-0.7379310131072998	-0.48036623001098633	4.382273197174072	-0.2443406581878662	-1.9254392385482788	-2.1130285263061523	0.8060130476951599	-2.978877544403076	1.825250267982483	-0.11068283766508102	-3.0426034927368164	-0.7463297843933105	-0.8734843730926514	0.48667317628860474	-2.0748331546783447	-2.501662254333496	-0.27760085463523865	-2.1929357051849365	1.5116857290267944	0.9971270561218262	-2.374608278274536
-0.5726010203361511	-0.7839978933334351	-0.4504154920578003	1.9140805006027222	-2.45219087600708	3.1196365356445312	0.36210376024246216	0.05431629344820976	2.1407148838043213	-0.7146891951560974	-1.3632783889770508	-0.7518534660339355	-0.40742582082748413	4.578944206237793	-0.6493160724639893	-1.7394542694091797	-2.4172303676605225	0.842963695526123	-3.0294299125671387	1.9381760358810425	0.008940251544117928	-2.004469394683838	-0.1468355655670166	-0.5269253849983215	0.8075323700904846	-2.72491717338562	-2.1406161785125732	-0.22525081038475037	-2.461702346801758	1.0574604272842407	0.27338048815727234	-1.8563987016677856
-0.25434398651123047	-0.9475374221801758	-0.6810197830200195	1.9204232692718506	-2.6468067169189453	3.3999128341674805	1.562966227531433	0.13461901247501373	2.110386848449707	-0.4352966248989105	-0.757055401802063	-0.39101436734199524	-0.43215158581733704	4.862504482269287	-0.7610616087913513	-1.8060451745986938	-2.466599225997925	1.0940519571304321	-2.728278160095215	2.2593579292297363	0.0729631558060646	-1.2346317768096924	0.20916584134101868	-0.34822311997413635	0.9598655700683594	-2.6403844356536865	-1.61507248878479	-0.041481949388980865	-2.6371188163757324	0.6486155986785889	0.033127278089523315	-1.1897332668304443
0.0925569236278534	-0.39608222246170044	-1.4865845441818237	2.3330821990966797	-2.645204544067383	3.848479986190796	2.4468889236450195	0.26871785521507263	1.9678030014038086	-0.5473932027816772	-0.762866735458374	-0.19151413440704346	-0.4468719959259033	3.9808692932128906	-0.6937798261642456	-1.6669120788574219	-2.8697080612182617	2.034332275390625	-2.411688804626465	2.1014180183410645	-0.24946445226669312	-0.601125955581665	0.1436920464038849	-0.2892649471759796	0.49191248416900635	-1.9798088073730469	-1.180364966392517	-0.2743004560470581	-3.0184860229492188	0.7197179794311523	-0.1862143725156784	-1.3373862504959106
0.4052441120147705	0.00443084305152297	-1.659855604171753	2.511387348175049	-2.9133753776550293	3.9319119453430176	2.814358711242676	0.15205633640289307	1.656057596206665	-0.2698812782764435	-0.4799385666847229	0.2878725826740265	-0.6078906059265137	3.482905626296997	-0.32361671328544617	-1.7829151153564453	-2.534724473953247	2.6342227458953857	-2.072096109390259	2.0899720191955566	-0.5699266195297241	-0.5576843619346619	0.09924784302711487	-0.31998133659362793	0.09686976671218872	-1.589341402053833	-1.1490377187728882	-0.2979511320590973	-3.182650566101074	1.0824925899505615	0.23137003183364868	-1.3774114847183228
0.5988482236862183	0.2266709804534912	-2.10967755317688	2.532932996749878	-2.578035831451416	4.172921180725098	2.2413928508758545	0.21953758597373962	1.2497243881225586	-0.6608905792236328	-1.3116028308868408	0.4117930233478546	-0.4711986184120178	2.042243242263794	-0.5827664732933044	-1.8431247472763062	-3.3443477153778076	3.1411890983581543	-1.7595667839050293	1.5169179439544678	-1.2999266386032104	-0.5119380950927734	0.12950143218040466	-0.66994309425354	-0.35924091935157776	-1.071592092514038	-1.4210231304168701	-0.6444047689437866	-2.9503045082092285	1.7095022201538086	0.30612799525260925	-1.8097792863845825
1.203578233718872	-0.26035845279693604	-1.8791656494140625	2.036602020263672	-1.8510100841522217	3.7081682682037354	1.9332433938980103	0.1049720048904419	0.9904760122299194	-0.8699568510055542	-1.7126017808914185	0.3375823497772217	-0.23539325594902039	1.2092530727386475	0.045081548392772675	-1.994550347328186	-3.6501667499542236	3.44006085395813	-1.4653444290161133	0.9622394442558289	-2.1344852447509766	-1.168945550918579	-0.188001811504364	-0.7812502384185791	-0.6089103817939758	-0.41803479194641113	-1.4493005275726318	-1.3070363998413086	-2.2422261238098145	2.488414764404297	0.7380166053771973	-2.945974826812744
1.0584324598312378	0.07782676070928574	-2.1584246158599854	2.1002392768859863	-1.705641269683838	3.8140087127685547	1.8610877990722656	-0.14813660085201263	0.8772348761558533	-1.0466963052749634	-1.980194330215454	0.296130508184433	-0.11490415781736374	1.0781426429748535	-0.17455674707889557	-1.8542373180389404	-3.7582552433013916	3.2453670501708984	-1.4260988235473633	0.9161878824234009	-2.2332844734191895	-0.935371994972229	0.0170710701495409	-0.7640551924705505	-0.7577317357063293	-0.3917720913887024	-1.4045357704162598	-1.4156532287597656	-2.1333439350128174	2.6579742431640625	0.6859855651855469	-2.7525510787963867
1.1941659450531006	0.06630571186542511	-2.1074132919311523	2.195192337036133	-1.8480008840560913	3.831014394760132	1.9819825887680054	0.14802369475364685	1.0049350261688232	-0.8314310312271118	-1.7640321254730225	0.3251987099647522	-0.2803930342197418	1.0799872875213623	0.16380149126052856	-1.9662331342697144	-3.742593288421631	3.3829638957977295	-1.4017891883850098	1.1327729225158691	-2.0910682678222656	-0.9861353039741516	-0.021160677075386047	-0.5834870934486389	-0.7414531111717224	-0.2949177622795105	-1.1183967590332031	-1.3350048065185547	-2.1140999794006348	2.6408166885375977	0.7848647236824036	-2.6638779640197754
